month,day,Solar_per,Eólica_per,Hidráulica_per,Carbón_per,Gas Natural_per
1,1,0.16727026501615155,0.07704807522448365,0.17609048935837263,-0.002919792459537463,-0.27214533512870775
1,2,0.16491222086413868,0.07849671451041064,0.17491378476357847,-0.007525755354388971,-0.26120996251284456
1,3,0.16237108004740966,0.07915657143147836,0.17362322402030111,-0.012352221878373272,-0.24945515075704672
1,4,0.15965876906621723,0.07896412694299544,0.1721981583923923,-0.017336406414891543,-0.23689022545494232
1,5,0.15678921293308762,0.07787332998245738,0.17061780834632848,-0.0224109981279477,-0.22354306162570492
1,6,0.153778233213778,0.07585693968312894,0.16886133930400196,-0.027505553438054643,-0.20946030463926543
1,7,0.15064339822722156,0.07290741462731219,0.16690802534607432,-0.03254800294395192,-0.19470710100190483
1,8,0.14740382525426615,0.06903732145503418,0.16473749901533136,-0.03746623258198623,-0.1793663330609057
1,9,0.1440799361835682,0.06427924757654929,0.16233008130461007,-0.04218969633657649,-0.16353736506504882
1,10,0.14069316962586262,0.05868521569333233,0.1596671820536415,-0.04665101655086104,-0.1473343214566734
1,11,0.13726565410110403,0.05232561096048102,0.15673175746071244,-0.05078752787809024,-0.1308839313952645
1,12,0.13381984839165093,0.04528764456431385,0.15350880836564507,-0.05454272216501934,-0.11432298594973997
1,13,0.1303781565091704,0.037673389888178546,0.14998590048997687,-0.05786755403351217,-0.09779546579790131
1,14,0.1269625258916997,0.02959743895232343,0.1461536860211554,-0.06072157056072674,-0.08144940729630484
1,15,0.12359403838895544,0.02118423711897914,0.1420064048661308,-0.06307383314703616,-0.06543358313730946
1,16,0.12029250427090515,0.012565162864504858,0.13754234362288198,-0.0649036052729474,-0.049894080237324584
1,17,0.11707606987713039,0.0038754264837828753,0.13276423084194997,-0.06620078622284394,-0.034970861790921716
1,18,0.11396084959379768,-0.00474913329062897,0.12767954846644974,-0.06696607781242668,-0.020794402434619098
1,19,0.11096059258821975,-0.013175272754338021,0.12230074141233001,-0.06721087850112611,-0.0074824850979228735
1,20,0.10808639415046456,-0.021275503951187855,0.1166453100210121,-0.06695690679019035,0.004862754638697859
1,21,0.10534646059404142,-0.028931111208054878,0.11073577349973514,-0.06623556328869223,0.016157455972910083
1,22,0.10274593547507715,-0.03603494562816881,0.10459949635496556,-0.06508704805922577,0.02633825874940987
1,23,0.10028679343035557,-0.042493925369902256,0.09826837410058951,-0.06355925662687716,0.03536406385203437
1,24,0.09796780624727519,-0.04823117717328971,0.09177837904754688,-0.061706484157240615,0.04321727547739155
1,25,0.09578458390906293,-0.0531877639816502,0.08516897160932939,-0.05958797260679859,0.04990448548339427
1,26,0.09372969135940855,-0.05732395438573226,0.07848238713956883,-0.0572663399727179,0.055456574068218446
1,27,0.09179283965848131,-0.06062000170137392,0.07176281270123705,-0.05480593399620217,0.05992821596166093
1,28,0.08996114811847473,-0.06307641344868682,0.06505547220775804,-0.052271154713713186,0.0633967967028213
1,29,0.08821947197228398,-0.06471370548014382,0.05840564193585683,-0.04972479104670082,0.06596075902812458
1,30,0.0865507882062367,-0.06557164863662142,0.05185762137028205,-0.047226416153307554,0.06773741448038574
1,31,0.08493663043479643,-0.06570802922558319,0.045453686589562635,-0.044830884546946295,0.06886026966559812
2,1,0.08335756216756979,-0.06519695744428788,0.039233054863659626,-0.04258697107226322,0.06947592973497971
2,2,0.0817936765656689,-0.06412676976504325,0.03323088974304089,-0.04053618779886554,0.0697406532877485
2,3,0.08022510984622415,-0.06259758193352984,0.02747737564415605,-0.03871180986791784,0.06981664265285879
2,4,0.0786325549049433,-0.0607185583162743,0.021996889769832502,-0.03713813544828972,0.06986816113289433
2,5,0.07699776150780843,-0.058604970621997377,0.016807297165918313,-0.03582999839717185,0.07005757406126627
2,6,0.07530400956883171,-0.056375124319115955,0.011919391858720067,-0.03479254516341301,0.07054141327323425
2,7,0.07353654258011842,-0.05414723423475454,0.007336503410213562,-0.034021280119063385,0.07146656472891903
2,8,0.0716829491845701,-0.05203633177045976,0.00305428397259456,-0.03350237606727588,0.07296667653370481
2,9,0.0697334821581004,-0.05015128488420961,-0.0009393138622455508,-0.033213239362126314,0.07515887952272521
2,10,0.06768130566564447,-0.04859200851100218,-0.004663863304604197,-0.03312331209351221,0.07814090503636793
2,11,0.06552266353099105,-0.04744693752731309,-0.008146094010362075,-0.03319508733657009,0.08198867469636725
2,12,0.06325696336529268,-0.04679082686997601,-0.011419332947075655,-0.03338530771653252,0.08675442515033828
2,13,0.06088677367344537,-0.04668293421030033,-0.014522766735471176,-0.033646312659325356,0.09246541719166763
2,14,0.05841773344027271,-0.04716562992262377,-0.017500541910336433,-0.033927495815988175,0.09912326373639183
2,15,0.05585837611999249,-0.048263467271207665,-0.020400724339520986,-0.0341768313714469,0.1067038952440242
2,16,0.05321987234610888,-0.04998273310509254,-0.02327414328842823,-0.03434242634708007,0.11515816472420588
2,17,0.05051569797416751,-0.052311486247908406,-0.026173149192778265,-0.03437405561920773,0.12441307791552654
2,18,0.047761236200543046,-0.05522007756603932,-0.029150316988291323,-0.03422463720709033,0.1343736180002693
2,19,0.044973324405126205,-0.058662132757862945,-0.0322571287532798,-0.033851607401114904,0.14492511875947034
2,20,0.04216975798530493,-0.06257596658827888,-0.035542670387059536,-0.03321815843991271,0.15593612580182342
2,21,0.03936876473806133,-0.06688638593207143,-0.039052377030328385,-0.03229430560730121,0.1672616727894874
2,22,0.03658846426271421,-0.07150682889743623,-0.04282686093181737,-0.031057755679951386,0.17874688879021705
2,23,0.03384632737272453,-0.07634177874872734,-0.04690085349343048,-0.029494554464099817,0.19023084429126783
2,24,0.031158650601716433,-0.08128938456080838,-0.051302290337466416,-0.02759949754315657,0.2015505372531345
2,25,0.028540060561016836,-0.08624421569433789,-0.05605156450748457,-0.025376295131723195,0.21254491702832323
2,26,0.02600306215961528,-0.09110007439971789,-0.061160968446042595,-0.022837488897839684,0.223058843118062
2,27,0.023557643552134095,-0.0957527901986274,-0.06663434030504918,-0.020004125575788408,0.2329468776098565
2,28,0.021210949163953653,-0.10010292115792983,-0.07246692459118732,-0.016905198945031806,0.24207681468725714
3,1,0.01896703029886352,-0.1040582906987603,-0.07864545127648671,-0.013576878108867544,0.2503328576998528
3,2,0.01682668071129013,-0.10753629405922586,-0.08514843149176278,-0.010061545787438304,0.257618363741342
3,3,0.014787362183887856,-0.11046591577615131,-0.09194666193145495,-0.006406675387435419,0.263858087244548
3,4,0.012843222655292696,-0.11278940835252774,-0.09900392431319138,-0.0026635797838529983,0.2689998674574507
3,5,0.010985206863788757,-0.11446359236489786,-0.10627786081874807,0.0011139320607278487,0.27301571944707625
3,6,0.009201256883940289,-0.11546074934181191,-0.11372100155065154,0.004870952389219289,0.27590230409050026
3,7,0.007476597406831596,-0.11576909048636094,-0.12128191581976679,0.00855288659705487,0.27768076892769245
3,8,0.005794098224788784,-0.11539279638015128,-0.12890645565145223,0.012106840698238941,0.27839596832379476
3,9,0.004134704195407466,-0.1143516348460599,-0.1365390573662686,0.015482946416308204,0.27811508767273846
3,10,0.002477921041446513,-0.11268017581878612,-0.1441240655288042,0.018635588314095487,0.2769257119316839
3,11,0.0008023437474334635,-0.11042663304450917,-0.15160704301499472,0.021524500674796547,0.2749333931883064
3,12,-0.0009137869121213723,-0.1076513723965858,-0.15893603143833074,0.024115706025911905,0.27225878484522364
3,13,-0.002692014998422799,-0.10442513527798741,-0.16606272768840732,0.026382272127568468,0.26903442101549313
3,14,-0.004553102863701445,-0.10082703274546546,-0.17294354482753058,0.02830486977338579,0.26540122856794607
3,15,-0.006516483060080324,-0.09694237144729834,-0.17954052899240922,0.029872119707926217,0.2615048657132096
3,16,-0.008599743831710712,-0.09286037607543178,-0.18582210815833206,0.031080723169405543,0.2574919849126107
3,17,-0.010818162397063345,-0.088671874711684,-0.19176365352255073,0.03193537683511785,0.2535065191321212
3,18,-0.013184298902562227,-0.08446701316985346,-0.19734783970923525,0.03244847909588064,0.24968608902906164
3,19,-0.015707662236094374,-0.08033306223215288,-0.20256479583064474,0.032639640433244875,0.24615862460385357
3,20,-0.01839445687903586,-0.07635237763690039,-0.20741204549101597,0.03253501605352528,0.2430392882963452
3,21,-0.021247417702764358,-0.07260056693737932,-0.21189423991035305,0.032166483689968633,0.24042777764930345
3,22,-0.024265737148296714,-0.06914491010490148,-0.21602269430279902,0.03157069348849999,0.23840607475356973
3,23,-0.02744508663214778,-0.06604307223067458,-0.21981474328887396,0.03078802003314254,0.2370366970418691
3,24,-0.030777731375092054,-0.06334213715413166,-0.22329293629206953,0.02986144876305686,0.23636148996648393
3,25,-0.034252735227899005,-0.061077980608884544,-0.2264840984148803,0.028835430231226842,0.23640098707300616
3,26,-0.03785624954336805,-0.05927499084516655,-0.22941828607599485,0.02775473583437732,0.23715434738639077
3,27,-0.04157187779208008,-0.057946133982404294,-0.2321276696077977,0.026663347811106953,0.2385998642880857
3,28,-0.04538110550415526,-0.05709335089242408,-0.23464537697746027,0.02560341450230008,0.24069602461724657
3,29,-0.049263783306090506,-0.05670826252227093,-0.23700433374918436,0.02461429916089885,0.24338308199798186
3,30,-0.053198649358048945,-0.05677315153413548,-0.23923613432152585,0.023731747082525127,0.2465850947790091
3,31,-0.05716387642748448,-0.05726218022862069,-0.2413699783578624,0.022987191623119022,0.25021236683816583
4,1,-0.06113762819019263,-0.05814279815978796,-0.24343170421150934,0.022407214911390708,0.2541642191779369
4,2,-0.0650986091463954,-0.05937728783230203,-0.2454429480956409,0.022013173907628216,0.2583320119897734
4,3,-0.06902659278488965,-0.060924393529075645,-0.24742045385133118,0.021820997068969214,0.26260233090702056
4,4,-0.07290291331295784,-0.06274097674391385,-0.24937555354225863,0.02184115142558583,0.2668602476472426
4,5,-0.07671090737663495,-0.06478364191553121,-0.2513138338878603,0.022078774520772875,0.2709925642421125
4,6,-0.0804362936882148,-0.0670102781586245,-0.2532349978943763,0.022533960587593205,0.27489095157400634
4,7,-0.08406748031681673,-0.06938146638670738,-0.2551329251219216,0.023202185679250992,0.278454896922378
4,8,-0.08759579152542944,-0.07186170649139648,-0.2569959280115416,0.024074852380463085,0.2815943815360736
4,9,-0.09101560839555797,-0.07442042591137545,-0.2588071957678306,0.025139931326057095,0.28423221769715734
4,10,-0.0943244199970208,-0.07703273877067777,-0.2605454116244245,0.026382674137650334,0.2863059850713937
4,11,-0.09752278446452857,-0.07967993354026741,-0.2621855240810364,0.027786370635370386,0.28776951804801154
4,12,-0.10061420195690216,-0.08234967659848114,-0.2636996480461734,0.02933312233610599,0.2885939089072424
4,13,-0.10360490402399335,-0.085035928834534,-0.2650580678856762,0.031004604327241277,0.2887680056419009
4,14,-0.10650356631677284,-0.08773858224885221,-0.2662303112825295,0.032782788598166863,0.28829839769774745
4,15,-0.10932095377634123,-0.09046283304292059,-0.2671862606476307,0.03465060377791897,0.28720889737627575
4,16,-0.11206950936548149,-0.09321831666128891,-0.26789726764801336,0.03659250889918984,0.2855395387567936
4,17,-0.11476289900454789,-0.09601803836727713,-0.26833723627448397,0.03859496219557855,0.28334512934580486
4,18,-0.1174155265971437,-0.09887713994605332,-0.26848364075709896,0.04064676992516889,0.28069340188133546
4,19,-0.12004203384353182,-0.10181154881477084,-0.268318446527872,0.042739304665577654,0.27766282447375845
4,20,-0.12265679991874436,-0.10483655999860685,-0.2678289052704277,0.04486658729849757,0.274340136259967
4,21,-0.12527345602770237,-0.10796540397289904,-0.2670081987996544,0.04702523183762465,0.27081768274553747
4,22,-0.12790442934210405,-0.11120785419068219,-0.26585591097225664,0.049214257191169376,0.2671906298315284
4,23,-0.13056052989147401,-0.11456892718549205,-0.26437831190829364,0.0514347747303726,0.2635541380457094
4,24,-0.13325059264845218,-0.1180477254848204,-0.26258844435387524,0.0536895649996418,0.26000057867867893
4,25,-0.1359811853586867,-0.12163646926907586,-0.2605060078715874,0.055982560911364616,0.25661687137064415
4,26,-0.1387563906657175,-0.12531975689387392,-0.2581570425348806,0.058318258184904645,0.2534820182942083
4,27,-0.14157766883281242,-0.12907408723736763,-0.2555734197472613,0.06070107650626718,0.2506649035724746
4,28,-0.1444438049309076,-0.13286766855624316,-0.25279215353206924,0.06313469681201746,0.248222418166834
4,29,-0.14735094181763742,-0.13666052938833265,-0.2498545509740669,0.06562140117408254,0.2461979604223797
4,30,-0.1502926976520947,-0.14040493730913398,-0.2468052252819332,0.06816144194601642,0.24462035107010296
5,1,-0.15326036414754088,-0.14404612133107034,-0.2436909990420229,0.0707524661145801,0.24350318909627033
5,2,-0.15624317933799362,-0.1475232837425286,-0.24055972852442425,0.07338901920670436,0.24284466185923057
5,3,-0.15922866639160038,-0.1507708775256629,-0.23745908229025686,0.07606215067534247,0.24262780954804683
5,4,-0.162203028014578,-0.15372011647319814,-0.2344353087598915,0.07875913950606404,0.24282123091370986
5,5,-0.16515158430866944,-0.1563006770263352,-0.23153202779961077,0.08146335494545619,0.24338020454489578
5,6,-0.1680592406250201,-0.15844254393789997,-0.2287890807544746,0.08415426287404876,0.2442481881632939
5,7,-0.17091097103581757,-0.1600779463494554,-0.22624147172041323,0.08680758356748562,0.24535864781307598
5,8,-0.17369230254824702,-0.16114332693804315,-0.22391843025831765,0.08939560155918237,0.24663715970919223
5,9,-0.17638978513090608,-0.1615812845749477,-0.22184262228258483,0.09188762319780512,0.2480037201424189
5,10,-0.17899143300809547,-0.16134243052583752,-0.22002953161501904,0.09425057244262569,0.24937519341296602
5,11,-0.18148712349650864,-0.16038709963835684,-0.2184870298023727,0.0964497106245398,0.2506678244191592
5,12,-0.1838689408822126,-0.1586868611851727,-0.217215146404327,0.09844946147147202,0.2517997413465429
5,13,-0.18613145443321424,-0.1562257789739133,-0.21620604622261366,0.10021431880164784,0.2526933748979267
5,14,-0.1882719215629402,-0.15300137686994345,-0.21544421403561803,0.10170981105169444,0.2532777236359258
5,15,-0.19029040934893535,-0.1490252738200957,-0.21490684149837722,0.10290349433873416,0.25349040016372687
5,16,-0.19218983000556603,-0.14432346158893397,-0.21456440513916222,0.10376594414247034,0.25327939988582227
5,17,-0.19397588843587257,-0.1389362084644758,-0.21438141900191127,0.10427171499135314,0.25260454274923705
5,18,-0.19565694257694569,-0.13291758286200564,-0.21431734060188082,0.10440023778092516,0.25143854840180946
5,19,-0.19724377982469066,-0.1263346017437682,-0.2143276046265446,0.10413662554207004,0.2497677163187073
5,20,-0.19874931530623283,-0.11926601975142843,-0.21436475534396038,0.10347236058739032,0.24759219430688822
5,21,-0.20018822008633264,-0.11180078559459118,-0.2143796460776889,0.10240583893857483,0.24492583105208693
5,22,-0.20157648948089363,-0.10403620223236563,-0.21432267244325867,0.10094275169506606,0.24179562066283364
5,23,-0.20293096344648856,-0.09607583642359412,-0.214145005360173,0.09909628743779604,0.23824075913321152
5,24,-0.204268812464448,-0.08802723103336921,-0.21379979017160106,0.09688714474205276,0.23431134394475037
5,25,-0.20560700340181712,-0.07999947982552241,-0.21324327950526023,0.09434334925588418,0.23006675833247683
5,26,-0.20696176047686932,-0.07210072914625125,-0.2124358697495895,0.09149987542508083,0.22557379075796422
5,27,-0.20834803666596716,-0.06443567375929782,-0.21134301412664952,0.08839807864451105,0.22090454760719472
5,28,-0.20977901065436053,-0.057103115034429754,-0.20993598921847734,0.0850849492178604,0.2161342228576564
5,29,-0.211265623764459,-0.05019364867153559,-0.20819249632701078,0.08161220484444073,0.2113387922794403
5,30,-0.21281617020947555,-0.04378754617815651,-0.2060970840772337,0.07803524325764775,0.20659270155019183
5,31,-0.21443595255079617,-0.037952889483429376,-0.20364138405635895,0.07441198096834147,0.2019666174348747
6,1,-0.21612701242684154,-0.032744011487367594,-0.20082415685170582,0.07080160767806803,0.19752530892430217
6,2,-0.21788794452200033,-0.028200287196060554,-0.1976511514381707,0.06726328871252536,0.19332572102334336
6,3,-0.2197137994185839,-0.024345310601076857,-0.19413478630257958,0.06385484969254807,0.18941529786076597
6,4,-0.2215960784892467,-0.02118648189462537,-0.19029366581235718,0.060631478545981075,0.1858306041475617
6,5,-0.2235228214154171,-0.018715018267074578,-0.18615194998671053,0.05764447983585758,0.1825962849690219
6,6,-0.2254787843327168,-0.016906389734501162,-0.1817385998703796,0.05494011523443441,0.17972439373076185
6,7,-0.22744570408282488,-0.015721169528237634,-0.17708652402310887,0.05255856183464777,0.17721410709204127
6,8,-0.22940264166468555,-0.015106276888983389,-0.17223165412740254,0.05053301691954164,0.1750518342372249
6,9,-0.23132639579599554,-0.014996578983059686,-0.16721197930963477,0.04888897388778408,0.17321171619259373
6,10,-0.23319197558081764,-0.015316808420650998,-0.1620665694231619,0.04764368937227862,0.17165649943388933
6,11,-0.2349731196848462,-0.01598374380548789,-0.15683461724460357,0.04680585632196709,0.1703387570804969
6,12,-0.23664284819247708,-0.016908593147404023,-0.15155452829841753,0.046375492095100855,0.1692024208508208
6,13,-0.2381740324925045,-0.01799951404999546,-0.14626308489939194,0.046344044602970196,0.16818457795208505
6,14,-0.2395399681347048,-0.01916420052192557,-0.14099470805568562,0.04669471342068256,0.16721747944833823
6,15,-0.24071493562749252,-0.020312464178668582,-0.1357808372097045,0.047402976726851107,0.16623070061203646
6,16,-0.24167473460378264,-0.021358737567762746,-0.13064944352653776,0.04843730912453878,0.16515338947903072
6,17,-0.24239717765348323,-0.022224429377528113,-0.12562468771085167,0.049760070003817124,0.1639165374134064
6,18,-0.24286253137765082,-0.022840065323278383,-0.12072672829692215,0.05132853729233388,0.16245520500434127
6,19,-0.24305389382333414,-0.02314715444139213,-0.11597168117375764,0.05309605734734893,0.16071063806775743
6,20,-0.24295749935972327,-0.02309972819565241,-0.11137172594786841,0.05501327849429724,0.1586322118574641
6,21,-0.24256294419786883,-0.022665508998143215,-0.10693534977323346,0.057029433410941216,0.15617914669757407
6,22,-0.24186332807352182,-0.021826675212290193,-0.10266771465674109,0.059093634262882326,0.15332194497333324
6,23,-0.2408553100356764,-0.020580201140103012,-0.09857113012202125,0.06115614425710503,0.15004350755683743
6,24,-0.23953907874018276,-0.018937762578053158,-0.09464560962309723,0.06316959010355244,0.1463398970555601
6,25,-0.23791824006543258,-0.016925210910524853,-0.09088948635466397,0.06509008173979162,0.14222072547986392
6,26,-0.23599962717340062,-0.014581631042914153,-0.08730006219569207,0.06687820852648461,0.13770915472988163
6,27,-0.23379304026774259,-0.011958010407349388,-0.08387426251628403,0.06849988487933675,0.13284150939015404
6,28,-0.23131092518721974,-0.009115557456270212,-0.08060926950354463,0.06992702285679031,0.1276665123679942
6,29,-0.22856800156514145,-0.0061237181759606326,-0.07750310753264035,0.07113801443780556,0.12224416460486466
6,30,-0.22558085253580415,-0.003057947906286433,-0.07455515589258241,0.07211801194657838,0.1166443001205729
7,1,-0.22236748884402208,2.697105771006826e-06,-0.07176656682420207,0.07285900114209452,0.11094485673573248
7,2,-0.2189469006896326,0.002978078671984114,-0.0691405702544764,0.0733596677089217,0.10522991070452271
7,3,-0.21533861070334687,0.005789533062122662,-0.06668265070983381,0.07362506407721837,0.09958752995678471
7,4,-0.21156224110634697,0.008362390489211823,-0.06440058653192414,0.07366608947886036,0.09410750552343547
7,5,-0.20763710736511853,0.010628384192843211,-0.062304346552505184,0.07349880173398429,0.08887902387042546
7,6,-0.20358184954357764,0.012527878591888338,-0.06040584464888921,0.07314358429000271,0.0839883442199161
7,7,-0.19941411111050278,0.014011850958895539,-0.05871855792394249,0.07262419635120476,0.0795165444641087
7,8,-0.19515027323105896,0.01504356793193625,-0.05725701946260772,0.0719667374106682,0.07553739700829311
7,9,-0.1908052506108481,0.015599906735775129,-0.056036201534864986,0.07119856002108102,0.07211543189191941
7,10,-0.18639235283317193,0.015672280991598248,-0.055070809578826256,0.07034716613920555,0.06930423896010762
7,11,-0.18192321290133115,0.015267142172507636,-0.054374511152340585,0.06943912280187275,0.06714505386462773
7,12,-0.1774077824386522,0.014406039793962872,-0.0539591271528317,0.06849903222493547,0.0656656644751931
7,13,-0.1728543907826327,0.013125235974704115,-0.053833814857914435,0.06754858967669995,0.06487966512617248
7,14,-0.16826986310227057,0.011474882708541866,-0.05400427364597618,0.06660575971372823,0.0647860762783467
7,15,-0.16365969073942302,0.00951778269077319,-0.054472004556652937,0.06568409765916644,0.06536933693018426
7,16,-0.15902824528414636,0.007327766489436854,-0.05523365411759441,0.0647922386613262,0.06659966676460236
7,17,-0.15437902649554272,0.004987729902332604,-0.05628047109912085,0.0639335714268242,0.06843378486162753
7,18,-0.1497149331160973,0.0025873851804118038,-0.0575979020990192,0.06310610793379436,0.07081596213414454
7,19,-0.1450385449336777,0.00022078814728127612,-0.0591653481731496,0.06230255426972233,0.07367937572375953
7,20,-0.14035240414484065,-0.0020162901349123218,-0.06095610021153064,0.061510581390115164,0.07694772567398418
7,21,-0.13565928417195686,-0.004029073801183657,-0.06293746554013828,0.06071328824863087,0.0805370674939054
7,22,-0.13096243458717333,-0.005726498720000632,-0.06507109245400602,0.059889843599797425,0.08435780891461957
7,23,-0.12626579167966234,-0.007023858610124533,-0.06731349322787993,0.05901628700805833,0.08831681535888576
7,24,-0.12157414544339797,-0.007845305846264139,-0.06961675978923254,0.05806646438824542,0.09231956648059654
7,25,-0.11689325532191079,-0.008126135792694684,-0.07192945986945762,0.057013068913778595,0.09627230562775894
7,26,-0.11222990887521953,-0.00781478923417893,-0.07419769526912218,0.0558287544989668,0.10008412523108422
7,27,-0.10759191957631005,-0.006874515043913915,-0.07636629807731246,0.05448728640715588,0.10366893386682072
7,28,-0.10298806213169043,-0.005284644427071489,-0.07838013546067633,0.05296469194139245,0.10694725498667067
7,29,-0.09842794598961811,-0.003041438647877061,-0.08018548915696837,0.05124037369675291,0.10984781290197523
7,30,-0.09392182997130656,-0.00015848379364441126,-0.08173147222566231,0.049298148513314134,0.11230886837905092
7,31,-0.08948038316613055,0.003333381475480836,-0.08297144305212696,0.047127177055839374,0.11427927392793906
8,1,-0.0851143992980428,0.007386606443173892,-0.08386437517587379,0.04472275181512377,0.11571922731518322
8,2,-0.08083447362866172,0.01193792552686507,-0.08437614128338049,0.04208691519813626,0.11660071074204369
8,3,-0.07665065305230773,0.016909788011759044,-0.08448067070964523,0.039228884143197695,0.11690761223861038
8,4,-0.07257207130284227,0.022212184325367538,-0.08416094202710399,0.03616526322511386,0.11663553486266366
8,5,-0.06860658208851685,0.027744821961370073,-0.08340977572866787,0.03292003434640117,0.11579130799555129
8,6,-0.06476040346436251,0.033399594563400525,-0.08223039656019529,0.029524317666137327,0.11439222314868377
8,7,-0.06103778681981132,0.03906327963471874,-0.08063674061774022,0.02601590520611722,0.11246502400230518
8,8,-0.057440723493844124,0.0446203940664219,-0.07865348875875573,0.022438575396239238,0.11004468669445151
8,9,-0.05396870123451007,0.049956132346220816,-0.07631581501444373,0.018841203474863476,0.10717303149141032
8,10,-0.050618521512325564,0.05495931003513383,-0.07366884634307977,0.015276688947698739,0.10389721077300154
8,11,-0.047384187107772514,0.05952523493676789,-0.07076683802172953,0.011800727042991331,0.10026812066580226
8,12,-0.04425686746425571,0.06355843033285716,-0.0676720770137294,0.008470456105861184,0.09633878460860969
8,13,-0.041224947082809396,0.06697513865566515,-0.064453533544023,0.005343016999765642,0.0921627566341568
8,14,-0.03827415979707195,0.0697055398947118,-0.06118528863663013,0.0024740636997410644,0.08779259024199615
8,15,-0.035387809175774276,0.07169562672222325,-0.05794477229545905,-8.373373129008568e-05,0.0832784154997017
8,16,-0.03254707263194311,0.0729086875466842,-0.05481085313528842,-0.0022821517586570435,0.07866666256670411
8,17,-0.029731384153648142,0.07332635920660689,-0.051861825404970426,-0.00407879993792448,0.07399896434304598
8,18,-0.02691888798883005,0.07294922250211316,-0.04917334332622153,-0.005438391360436332,0.06931126458800266
8,19,-0.02408695319786657,0.07179692590775967,-0.04681635536584478,-0.0063338596757750824,0.06463315084102773
8,20,-0.021212736807149447,0.06990783527985611,-0.04485509236898552,-0.006747289238553448,0.059987424036042104
8,21,-0.018273781424153313,0.06733821982137903,-0.04334516334256294,-0.006670629777591885,0.05538990906239287
8,22,-0.015248631671817153,0.06416099665531519,-0.04233181107209054,-0.006106172697550951,0.05084950293207701
8,23,-0.0121174527185512,0.06046406775583899,-0.04184837669926687,-0.005066772538837076,0.046368449893891085
8,24,-0.008862633561094626,0.05634829338908828,-0.04191501794355749,-0.0035758040596009103,0.04194282601319278
8,25,-0.005469357586214526,0.051925155345396594,-0.042537719916531255,-0.0016668526685193691,0.03756320961111773
8,26,-0.0019261233088681074,0.047314170862710496,-0.043707630591658365,0.0006168566797082808,0.033215508708299334
8,27,0.0017748009426816226,0.04264012405703235,-0.04540074512448347,0.0032232797222705844,0.02888191239306702
8,28,0.005637003265667925,0.038030185739940076,-0.04757795456872967,0.006092602866215516,0.024541929945802357
8,29,0.009659648402732451,0.03361099462702272,-0.050185465328265885,0.009158497028257124,0.02017347967607772
8,30,0.013837302772340956,0.029505773089926888,-0.0531555861644261,0.012349543664488809,0.01575398880716159
8,31,0.018159872555846696,0.025831548792340384,-0.056407869998017945,0.015590796387800435,0.011261466369367173
9,1,0.02261266021323512,0.02269654985738665,-0.05985058836292987,0.01880543764558002,0.006675512899822911
9,2,0.02717654171232549,0.020197835759722966,-0.06338250744187678,0.02191648713045821,0.001978233712321202
9,3,0.03182826353623211,0.018419219100054476,-0.06689492638739139,0.02484851700299698,-0.0028449735138292246
9,4,0.03654085527287881,0.017429525012866976,-0.07027393133667044,0.027529328671473636,-0.007804781219271768
9,5,0.041284150375301275,0.017281225435942533,-0.07340281237034206,0.02989154681143355,-0.012907463353918723
9,6,0.046025404603580414,0.018009475109876858,-0.0761645858226813,0.03187408849571418,-0.01815460841994425
9,7,0.05072999880692582,0.019631565277634263,-0.07844456096601414,0.03342346868430389,-0.02354302052620718
9,8,0.05536221015826752,0.022146799928180173,-0.08013288827173179,0.034494907801592756,-0.02906480831826761
9,9,0.059886033790055845,0.025536788387531657,-0.08112702625627075,0.03505321257923771,-0.03470765526404537
9,10,0.06426603506114528,0.029766137408202005,-0.08133406537282088,0.03507340761399815,-0.0404552587042705
9,11,0.06846821146794074,0.034783515936945356,-0.08067285048529772,0.03454110200533753,-0.04628791951698878
9,12,0.07246084253407248,0.04052305671140268,-0.07907584808774293,0.03345258279806836,-0.05218325936375924
9,13,0.07621530590039753,0.046906050987980896,-0.07649071050297643,0.03181463455566332,-0.05811703843910262
9,14,0.0797068383007499,0.05384288622882103,-0.07288149665383167,0.02964409200976051,-0.0640640435528565
9,15,0.08291522114156824,0.06123517162899717,-0.06822951746452535,0.026967140155317124,-0.06999901432604497
9,16,0.08582537198771496,0.06897799305741936,-0.06253378329901277,0.023818383175767947,-0.0758975743370501
9,17,0.08842782535144889,0.07696223736483465,-0.05581104083701824,0.020239709987815425,-0.08173713422378512
9,18,0.09071908874220296,0.08507692610113422,-0.04809539716056598,0.01627898980595705,-0.08749773502743222
9,19,0.09270186289112448,0.09321150042406287,-0.039437539309439454,0.011988635784796774,-0.09316280238413945
9,20,0.09438511834859259,0.10125800229954703,-0.02990356787458484,0.007424078363526886,-0.09871978546320904
9,21,0.09578402417467854,0.10911310184226529,-0.0195734730723077,0.0026421923149045927,-0.10416065868229664
9,22,0.09691972811512338,0.11667992666059608,-0.008539290907519443,-0.002300277382349296,-0.10948226906756658
9,23,0.09781899138119557,0.1238696561428619,0.0030970147519559805,-0.007348245904521695,-0.11468651750122573
9,24,0.09851368483235994,0.1306028515146514,0.01522589132023654,-0.012449731694963195,-0.11978036782443573
9,25,0.09904015690078966,0.13681050096344013,0.027732699304875066,-0.017557171553067994,-0.12477568365515254
9,26,0.09943848690072676,0.14243476789432027,0.0405003140578315,-0.022628570799065304,-0.12968889863359812
9,27,0.09975164034702258,0.14742943918742707,0.053411762195895496,-0.02762845654410125,-0.13454053143549763
9,28,0.10002454548481243,0.15176007890351795,0.06635282656722741,-0.03252860793676389,-0.1393545621027252
9,29,0.10030311233845444,0.15540390098171997,0.07921455451106167,-0.03730854384428502,-0.1441576908655585
9,30,0.10063321716449976,0.15834938186202072,0.09189560672822428,-0.04195575556989075,-0.14897850451973252
10,1,0.10105967619837664,0.16059564043418156,0.10430438827503467,-0.04646567969581496,-0.15384657844279057
10,2,0.10162523298959757,0.1621516181004171,0.11636090891584262,-0.05084141376506729,-0.15879154439880433
10,3,0.10236958341347852,0.16303509590030485,0.1279983271549783,-0.05509318504824759,-0.16384215531578963
10,4,0.10332846163355723,0.16327158849290946,0.13916414053849901,-0.05923758987030858,-0.1690253782003514
10,5,0.10453280888726728,0.16289315627055206,0.1498209940433126,-0.06329662768527691,-0.1743655452780415
10,6,0.10600804501491236,0.16193717698625826,0.1599470883165665,-0.0672965600922779,-0.17988359135960452
10,7,0.1077734601985913,0.16044511704809322,0.16953617992431239,-0.07126663010928701,-0.18559640240049943
10,8,0.10984174148638716,0.15846134014868543,0.17859717633925998,-0.07523768111354596,-0.19151629634892808
10,9,0.11221864542402588,0.15603198727371015,0.18715333886753507,-0.07924071780292896,-0.19765065279844143
10,10,0.1149028245844456,0.15320395752153257,0.1952411168016892,-0.08330545324382498,-0.20400170282638963
10,11,0.11788581206784993,0.150024013747613,0.20290864553213336,-0.08745888650111516,-0.21056648488619467
10,12,0.12115216423542552,0.14653803102652893,0.2102139498983105,-0.09172395447988194,-0.21733696691002738
10,13,0.12467975813938058,0.14279039951906128,0.21722290149939466,-0.09611829947566665,-0.22430032906824215
10,14,0.12844023641434507,0.13882358677295153,0.2240069848110691,-0.10065319058778716,-0.23143939610747727
10,15,0.13239958889822784,0.1346778580000914,0.23064093162244928,-0.10533263270014566,-0.23873320304522824
10,16,0.13651885703984895,0.13039114668525498,0.23720028639329335,-0.11015269130174177,-0.24615767340416173
10,17,0.14075494430773963,0.12599906220129914,0.24375896656505103,-0.11510105516405691,-0.2536863852835604
10,18,0.14506151340960058,0.12153501612164334,0.25038688161189065,-0.12015685199577426,-0.2612913975227282
10,19,0.14938994922116502,0.11703044479827854,0.2571476727027642,-0.12529072485520196,-0.2689441061141756
10,20,0.15369036495484492,0.11251510264055947,0.26409663132933997,-0.13046516953316598,-0.2766160999553899
10,21,0.1579126282971983,0.10801739848926571,0.2712788502328106,-0.1356351255384703,-0.28427998501846374
10,22,0.16200738402994888,0.10356474658250721,0.2787276535865054,-0.14074880594816708,-0.2919101470825218
10,23,0.16592705001687957,0.0991839038803781,0.28646334583278626,-0.1457487444359183,-0.2994834252784891
10,24,0.16962676437466334,0.09490126692536838,0.2944923100448763,-0.15057303146556247,-0.3069796717779212
10,25,0.17306526311697218,0.09074310390855644,0.3028064774178288,-0.1551567061161905,-0.314382176918938
10,26,0.17620566952406735,0.08673570108467635,0.3113831797410609,-0.1594332654487846,-0.32167794377529435
10,27,0.1790161788866644,0.08290540700176946,0.3201853867282392,-0.1633362498631488,-0.3288578014860113
10,28,0.1814706250353296,0.07927856301979341,0.32916232014655383,-0.16680086062797425,-0.3359163523973184
10,29,0.1835489181182726,0.0758813141011929,0.3382504270589623,-0.16976556475981167,-0.3428517540372486
10,30,0.18523734634718045,0.07273929966284615,0.34737468541853384,-0.17217364270649174,-0.34966534294150897
10,31,0.18652873780644616,0.06987723016473522,0.3564502069763692,-0.17397463584938372,-0.35636111318224434
11,1,0.18742248182443444,0.0673183608629951,0.3653840951830782,-0.17512565362732865,-0.3629450679088976
11,2,0.18792441274958843,0.06508387955425854,0.3740775096715488,-0.17559250402465626,-0.3694244671123348
11,3,0.1880465621723696,0.0631922299838255,0.382427884146594,-0.17535061613828123,-0.37580699899125836
11,4,0.18780678860646483,0.06165839669523402,0.39033124118696666,-0.17438572940083555,-0.38209990558276463
11,5,0.18722829631704102,0.06049318030079128,0.3976845456603455,-0.17269433061686035,-0.3883090955968579
11,6,0.1863390572960692,0.05970249432036069,0.40438803818460795,-0.1702838270767191,-0.3944382785684336
11,7,0.18517115228388978,0.05928671577002425,0.41034749133345666,-0.1671724514399371,-0.4004881544627181
11,8,0.18376004818064723,0.05924012152390593,0.41547633401851214,-0.16338890161377023,-0.4064556917102188
11,9,0.1821438301558475,0.05955044110004743,0.4196975935945677,-0.15897172627280207,-0.41233352433290477
11,10,0.18036240723449548,0.06019855395727392,0.4229456105991371,-0.15396847375932396,-0.41810949540654113
11,11,0.17845671011563582,0.06115835569469691,0.4251674874864635,-0.14843462866635526,-0.4237663696793522
11,12,0.17646789947729485,0.06239681282188905,0.4263242400645915,-0.14243236624722405,-0.42928173286457155
11,13,0.17443660206812037,0.0638742201519463,0.426391628377325,-0.1360291597508882,-0.4346280891004909
11,14,0.17240219051863115,0.06554466853232627,0.4253606522664204,-0.12929627970714666,-0.4397731615141719
11,15,0.17040212107448252,0.06735672376790777,0.4232377055672072,-0.12230722697392016,-0.4446803939378735
11,16,0.16847134141739709,0.06925431042283237,0.42004439159360285,-0.11513614292738608,-0.44930964483056485
11,17,0.16664177846264525,0.0711777869490529,0.4158170110250461,-0.10785624048621038,-0.4536180575810957
11,18,0.16494191357555246,0.07306519151627565,0.4106057412930409,-0.10053829870888042,-0.4575610848366857
11,19,0.16339645010579645,0.07485363125283535,0.4044735338733926,-0.09324926151559583,-0.4610936385385309
11,20,0.1620260755729029,0.07648078157821737,0.3974947623395911,-0.08605097773845141,-0.46417133215504636
11,21,0.16084731832018784,0.0778864571334086,0.38975365946234425,-0.07899911528834169,-0.46675177737504286
11,22,0.15987249605801165,0.07901421168485412,0.38134258593076176,-0.07214227688590458,-0.46879589441126956
11,23,0.15910975150342385,0.07981292145674518,0.37236017632424573,-0.0655213386886854,-0.4702691931997276
11,24,0.1585631683488922,0.08023830476124807,0.36290940972890545,-0.05916902644299389,-0.4711429822491174
11,25,0.15823295910591773,0.08025433063585481,0.35309565285212774,-0.05310973669646175,-0.4713954627463338
11,26,0.15811571500710772,0.0798344705068107,0.34302472265531864,-0.047359603329892565,-0.47101266776544753
11,27,0.1582047071409168,0.07896274967730264,0.3328010134630467,-0.04192680242709424,-0.4699892100200394
11,28,0.15849022735149831,0.07763455964332841,0.32252573029345155,-0.03681208150398598,-0.46832880646162134
11,29,0.1589599571667735,0.07585719777681568,0.3122952659203064,-0.032009492575541275,-0.4660445540378792
11,30,0.1595993531135249,0.0736501076518893,0.3021997540562254,-0.027507302637338908,-0.46315893792266866
12,1,0.1603920372205431,0.07104480104999374,0.2923218252156431,-0.02328905005434285,-0.45970356131945367
12,2,0.16132018227196965,0.0680844512551662,0.2827355854509427,-0.01933471122720592,-0.45571859429833866
12,3,0.16236488241457755,0.06482315640230507,0.27350583145906116,-0.015621938869245925,-0.4512519478070987
12,4,0.16350650100090428,0.06132488110865632,0.2646875087210402,-0.01212733135896454,-0.44635818773831404
12,5,0.16472498901280672,0.05766209412463752,0.2563254125681267,-0.008827691988606175,-0.4410972124674996
12,6,0.16600016900220163,0.05391412900289244,0.248454125556076,-0.00570123752437631,-0.43553272533567394
12,7,0.167311981149264,0.05016530352177001,0.24109817845422324,-0.002728717308391337,-0.4297305408716624
12,8,0.16864068971435478,0.04650284154132752,0.2342724166835806,0.00010559288922622027,-0.42375676989631617
12,9,0.16996704979167201,0.04301464786160956,0.22798254930542722,0.002813054009549981,-0.41767593380013324
12,10,0.17127243580461532,0.03978699227145188,0.22222585379269635,0.005400010573996462,-0.41154906205802355
12,11,0.17253893456690425,0.036902163124672906,0.21699200689013784,0.007867342219821818,-0.4054318292858488
12,12,0.17374940692508095,0.034436153308898994,0.21226400994897698,0.01021023440821383,-0.3993727887519384
12,13,0.1748875229622958,0.03245644227091324,0.20801917623108546,0.012418175945752667,-0.39341175817403895
12,14,0.175937776452547,0.031019936772316348,0.2042301478100876,0.014475183864287578,-0.387578410849222
12,15,0.17688548469124218,0.030171130262150403,0.20086591081537067,0.016360249089875614,-0.38189112072391235
12,16,0.17771677998422683,0.029940536212856545,0.19789277980373832,0.018047989410143614,-0.3763561040058855
12,17,0.1784185989547979,0.030343444569281182,0.19527532490768257,0.019509489728084826,-0.3709668924921542
12,18,0.17897867543878615,0.03137904275148096,0.1929772189843054,0.020713303663290536,-0.3657041651208343
12,19,0.17938554210198654,0.0330299336242051,0.19096198613634774,0.02162658540636172,-0.36053595457936366
12,20,0.17962854506132717,0.035262072730003355,0.18919363754872334,0.02221631650256616,-0.35541823537831324
12,21,0.17969787475827814,0.03802513614854513,0.187637185416691,0.022450589064773874,-0.3502958889150211
12,22,0.1795846151614158,0.041253318885828026,0.18625903067257646,0.022299904888612075,-0.3451040300165856
12,23,0.1792808121133736,0.04486655202857576,0.1850272250804467,0.021738449127516355,-0.3397696685822262
12,24,0.1787795603346697,0.048772115347294066,0.18391161290400357,0.020745297608364993,-0.334213669563626
12,25,0.17807510730421044,0.052866610921066114,0.18288386161354336,0.01930551852012723,-0.32835296493830923
12,26,0.17716297100532716,0.057038253008949574,0.18191739484986003,0.017411132041886386,-0.322102962841508
12,27,0.17604006740408223,0.061169420104808955,0.1809872439928896,0.015061895412944412,-0.31538009189596145
12,28,0.1747048425588649,0.0651394071625606,0.18006983709812988,0.012265885871990002,-0.3081044132473242
12,29,0.17315740348555358,0.0688273096055745,0.17914274559885915,0.009039859662698414,-0.30020222907270977
12,30,0.17139964135319666,0.07211496613561341,0.17818440998710422,0.005409371752488873,-0.29160861452181575
12,31,0.16943534028626558,0.07488988468680491,0.17717386566912582,0.001408647850677255,-0.2822698002686189
