fecha,demanda
2016-01-02,182948.91384999998
2016-01-03,180321.33100099998
2016-01-04,203935.22450600003
2016-01-05,206328.253957
2016-01-06,205442.313532
2016-01-07,206061.352003
2016-01-08,208438.85390400002
2016-01-09,199023.097476
2016-01-10,183730.922026
2016-01-11,203779.656139
2016-01-12,203759.44280699998
2016-01-13,203745.66575100002
2016-01-14,206551.558048
2016-01-15,205563.40424
2016-01-16,197532.353912
2016-01-17,185617.33504
2016-01-18,208010.089615
2016-01-19,212016.225033
2016-01-20,213832.095297
2016-01-21,212891.47202699998
2016-01-22,212226.37265900004
2016-01-23,197621.534339
2016-01-24,179691.02303099996
2016-01-25,204137.410184
2016-01-26,203110.793633
2016-01-27,200058.165935
2016-01-28,202029.70386099996
2016-01-29,205038.76517199998
2016-01-30,196635.17695599998
2016-01-31,186162.15185599998
2016-02-01,209016.997875
2016-02-02,207629.69546400002
2016-02-03,204287.40409000003
2016-02-04,203097.329326
2016-02-05,209382.65209799996
2016-02-06,195598.95998699998
2016-02-07,178743.45779999997
2016-02-08,200269.13131199998
2016-02-09,208085.67885999999
2016-02-10,207081.95767
2016-02-11,209757.51209299997
2016-02-12,210061.841013
2016-02-13,200584.57363899998
2016-02-14,188478.14454200002
2016-02-15,216700.082385
2016-02-16,216441.625057
2016-02-17,214289.09160699998
2016-02-18,212924.88412099998
2016-02-19,213356.03131
2016-02-20,202911.68315599998
2016-02-21,189593.412169
2016-02-22,212619.70667999997
2016-02-23,219130.160659
2016-02-24,218680.07954
2016-02-25,218739.68736199997
2016-02-26,216683.07331899996
2016-02-27,200888.90360399996
2016-02-28,187288.77816699998
2016-02-29,210418.542763
2016-03-01,214660.94237800004
2016-03-02,212431.94954300002
2016-03-03,214888.949363
2016-03-04,217808.153453
2016-03-05,201069.98694700003
2016-03-06,184803.38913
2016-03-07,207260.12311600003
2016-03-08,211391.95506300003
2016-03-09,213951.291399
2016-03-10,215429.603895
2016-03-11,216990.321985
2016-03-12,203349.35792
2016-03-13,189056.03792800003
2016-03-14,208066.565087
2016-03-15,214358.525441
2016-03-16,217644.29805199997
2016-03-17,216381.91530000002
2016-03-18,215117.227619
2016-03-19,202181.933093
2016-03-20,191908.44234499996
2016-03-21,213561.00998799998
2016-03-22,215473.95320999998
2016-03-23,212158.658563
2016-03-24,206880.41993300003
2016-03-25,186766.29413400003
2016-03-26,186829.06654700002
2016-03-27,184940.125253
2016-03-28,208335.27758000002
2016-03-29,209416.138927
2016-03-30,213114.97762900003
2016-03-31,213940.63355499998
2016-04-01,203328.991552
2016-04-02,187269.79595800003
2016-04-03,173807.565112
2016-04-04,195431.77526300002
2016-04-05,200907.25303500003
2016-04-06,201327.078352
2016-04-07,195848.71418900002
2016-04-08,197434.57782299997
2016-04-09,188301.947486
2016-04-10,181592.04590899998
2016-04-11,201531.50947399996
2016-04-12,203847.443729
2016-04-13,202604.309567
2016-04-14,203804.642536
2016-04-15,206671.532455
2016-04-16,188351.0267931
2016-04-17,179657.606633
2016-04-18,195695.90360299998
2016-04-19,197420.07351999998
2016-04-20,196197.612929
2016-04-21,193280.927703784
2016-04-22,200618.63638140398
2016-04-23,191511.483248672
2016-04-24,182882.99004669196
2016-04-25,200350.742196052
2016-04-26,202682.86280377602
2016-04-27,203949.19754146802
2016-04-28,203873.04895572804
2016-04-29,203886.345000788
2016-04-30,193438.55275258402
2016-05-01,181103.961444168
2016-05-02,199839.82821814
2016-05-03,203653.48461957002
2016-05-04,204127.632764109
2016-05-05,205466.441634612
2016-05-06,204651.903260745
2016-05-07,195509.18816019603
2016-05-08,182718.257368051
2016-05-09,203418.52629753202
2016-05-10,207263.12834885102
2016-05-11,209687.33041592353
2016-05-12,207632.96126564464
2016-05-13,205506.5527427269
2016-05-14,202296.22700898888
2016-05-15,183283.8532170053
2016-05-16,198459.33859338198
2016-05-17,199317.28018702
2016-05-18,202837.7198242362
2016-05-19,202434.802392815
2016-05-20,203933.62049776298
2016-05-21,191279.841093469
2016-05-22,187047.577537964
2016-05-23,205688.07964846303
2016-05-24,207391.82793126692
2016-05-25,200814.65751508393
2016-05-26,201937.51264827
2016-05-27,206016.227348196
2016-05-28,199814.0288874923
2016-05-29,193989.42627445297
2016-05-30,208035.11835789
2016-05-31,209694.74635846823
2016-06-01,208055.190901917
2016-06-02,212111.42907832775
2016-06-03,212423.70218211878
2016-06-04,194667.121786704
2016-06-05,192075.718296607
2016-06-06,208107.32387237198
2016-06-07,207651.2616592008
2016-06-08,204832.704707439
2016-06-09,211036.76684314903
2016-06-10,210765.68001470692
2016-06-11,201360.4226566651
2016-06-12,194755.5800641062
2016-06-13,211612.49012474896
2016-06-14,213629.6984927133
2016-06-15,213821.342805346
2016-06-16,211101.11729835902
2016-06-17,211257.2540103429
2016-06-18,198569.4774351523
2016-06-19,191024.322916262
2016-06-20,213017.9480276562
2016-06-21,213061.70990872598
2016-06-22,211437.82193112
2016-06-23,210399.84210587898
2016-06-24,212810.370886976
2016-06-25,196731.08661664696
2016-06-26,186514.048738254
2016-06-27,193182.531900867
2016-06-28,211552.16660082003
2016-06-29,216765.13576037
2016-06-30,215821.563375026
2016-07-01,212080.80032008898
2016-07-02,201649.20747259
2016-07-03,191239.062196456
2016-07-04,207585.10143133003
2016-07-05,207788.572396006
2016-07-06,206019.520854038
2016-07-07,204230.677382939
2016-07-08,204436.205251354
2016-07-09,195629.08378616266
2016-07-10,189466.86459339526
2016-07-11,206285.583721169
2016-07-12,209275.04324290398
2016-07-13,206655.56015006898
2016-07-14,203367.883144045
2016-07-15,206837.01740862103
2016-07-16,187630.005000077
2016-07-17,189595.159880053
2016-07-18,208960.321161723
2016-07-19,209944.042604078
2016-07-20,205373.00609237203
2016-07-21,203808.9496523336
2016-07-22,201071.73559978002
2016-07-23,194775.216610389
2016-07-24,185134.29002292096
2016-07-25,205649.3645639349
2016-07-26,207083.3830655222
2016-07-27,205817.0299528211
2016-07-28,207354.9574378577
2016-07-29,203237.8166959536
2016-07-30,193767.64619985153
2016-07-31,181922.94628057998
2016-08-01,206517.949085225
2016-08-02,201414.48555582497
2016-08-03,195695.67015007546
2016-08-04,196166.99054250817
2016-08-05,202438.49318900015
2016-08-06,195557.09009400598
2016-08-07,186172.63993102388
2016-08-08,205519.65575354136
2016-08-09,203386.03936487625
2016-08-10,204760.90229417128
2016-08-11,204810.425556009
2016-08-12,205412.05005791472
2016-08-13,193782.30154164895
2016-08-14,173849.32775820728
2016-08-15,184558.23844094982
2016-08-16,197017.31949223578
2016-08-17,197605.35671847398
2016-08-18,199872.9773130036
2016-08-19,205835.2153562935
2016-08-20,195273.7952538064
2016-08-21,183490.14426587263
2016-08-22,202583.81154344708
2016-08-23,207530.50793762045
2016-08-24,206158.61926317855
2016-08-25,205476.71631717408
2016-08-26,206415.60991192795
2016-08-27,198101.3751570391
2016-08-28,184588.455276858
2016-08-29,202382.515091987
2016-08-30,202470.232509889
2016-08-31,203678.410095778
2016-09-01,202191.83998771998
2016-09-02,203125.207192607
2016-09-03,192299.19780011848
2016-09-04,178235.802295993
2016-09-05,200503.93571719798
2016-09-06,203706.169318434
2016-09-07,201395.19718124598
2016-09-08,201634.697441734
2016-09-09,200137.04554833903
2016-09-10,190508.684055034
2016-09-11,181623.15444210198
2016-09-12,201476.2575724828
2016-09-13,203672.504064949
2016-09-14,202910.944686077
2016-09-15,201146.87991789402
2016-09-16,197128.39868037737
2016-09-17,185543.82024423726
2016-09-18,168512.61773245002
2016-09-19,169713.153013394
2016-09-20,193016.08706607038
2016-09-21,202281.51486241014
2016-09-22,200387.22035932657
2016-09-23,201913.8319428843
2016-09-24,191589.25253756237
2016-09-25,180349.310519324
2016-09-26,200289.801297755
2016-09-27,201498.27355706372
2016-09-28,201075.3081591988
2016-09-29,199642.421279543
2016-09-30,198388.6099561182
2016-10-01,188776.73826957028
2016-10-02,179768.084104352
2016-10-03,201073.419846019
2016-10-04,201155.8444704846
2016-10-05,197918.52226540103
2016-10-06,198941.26210214905
2016-10-07,201668.20818023002
2016-10-08,189700.691047172
2016-10-09,174847.507730554
2016-10-10,181521.73107932002
2016-10-11,204230.85966375598
2016-10-12,202550.562591363
2016-10-13,204008.382774333
2016-10-14,204215.868744179
2016-10-15,190652.93482584026
2016-10-16,178887.492678616
2016-10-17,195559.5236828764
2016-10-18,194741.1902048273
2016-10-19,195003.53767751198
2016-10-20,194172.2330056105
2016-10-21,192198.927485089
2016-10-22,180857.0898995234
2016-10-23,168985.135819616
2016-10-24,191418.9621112844
2016-10-25,194939.58978872153
2016-10-26,199148.49085308518
2016-10-27,203517.87776121413
2016-10-28,200266.542976549
2016-10-29,189199.052321045
2016-10-30,178309.170144135
2016-10-31,180326.12392958402
2016-11-01,178132.57145920428
2016-11-02,200456.6614412277
2016-11-03,204861.5373879606
2016-11-04,209263.107573883
2016-11-05,197243.82630015502
2016-11-06,183261.10536405726
2016-11-07,208126.03508698
2016-11-08,207794.43637956004
2016-11-09,202184.394257065
2016-11-10,207674.10523770298
2016-11-11,207963.61514774
2016-11-12,194318.1876878499
2016-11-13,177028.373354282
2016-11-14,202739.46001565098
2016-11-15,207178.12961704002
2016-11-16,205797.11421422308
2016-11-17,206217.996096062
2016-11-18,210095.67339862886
2016-11-19,198407.06970061894
2016-11-20,183923.9784209243
2016-11-21,204804.0318220266
2016-11-22,204805.0350995791
2016-11-23,201903.18485247332
2016-11-24,204441.745363662
2016-11-25,207050.4772881192
2016-11-26,193168.1834570313
2016-11-27,178683.96008436722
2016-11-28,202074.96416970837
2016-11-29,206833.34445278373
2016-11-30,204710.5251748337
2016-12-01,202809.86381718263
2016-12-02,208778.57775446857
2016-12-03,198346.43631073527
2016-12-04,183960.5542589502
2016-12-05,205731.81937223225
2016-12-06,206657.02906097498
2016-12-07,199209.86098822422
2016-12-08,191804.8210889304
2016-12-09,200271.782722646
2016-12-10,192106.1139181763
2016-12-11,183969.76316762922
2016-12-12,211101.64142974603
2016-12-13,215344.7037705113
2016-12-14,215196.07871426884
2016-12-15,213568.38099394695
2016-12-16,208648.0287406275
2016-12-17,198775.9233212552
2016-12-18,189010.68596089433
2016-12-19,213323.83639061186
2016-12-20,211800.84309337963
2016-12-21,208505.79942413585
2016-12-22,211886.5124055348
2016-12-23,213758.85904859056
2016-12-24,197976.651044631
2016-12-25,177234.56297742302
2016-12-26,200994.46711169285
2016-12-27,210079.9135971424
2016-12-28,212373.45734556403
2016-12-29,209611.01319427224
2016-12-30,206935.76203800456
2016-12-31,189158.62182983474
2017-01-01,169247.47037253898
2017-01-02,182755.02858308403
2017-01-03,206606.97915525115
2017-01-04,208324.1689902917
2017-01-05,211018.32317972108
2017-01-06,210558.4526944431
2017-01-07,197284.078966195
2017-01-08,184599.60340597
2017-01-09,202875.493773787
2017-01-10,207298.38836208402
2017-01-11,210708.604828694
2017-01-12,210885.514345826
2017-01-13,210978.40588441404
2017-01-14,198809.64223787995
2017-01-15,183282.31925733897
2017-01-16,207069.68022225113
2017-01-17,208927.778822157
2017-01-18,208120.51171472602
2017-01-19,210041.959787591
2017-01-20,215453.26750718
2017-01-21,199320.503596595
2017-01-22,184503.436482912
2017-01-23,208910.39731093703
2017-01-24,217195.09603150602
2017-01-25,217186.555604995
2017-01-26,216737.42543900403
2017-01-27,217510.582601626
2017-01-28,205887.791812651
2017-01-29,193312.75598745502
2017-01-30,215031.55944393
2017-01-31,218387.546421668
2017-02-01,214452.76966205897
2017-02-02,213684.01672775202
2017-02-03,212705.89583546502
2017-02-04,197462.801500091
2017-02-05,189039.683051309
2017-02-06,209664.73081097202
2017-02-07,209351.04851217798
2017-02-08,203756.6921857
2017-02-09,205748.74123478602
2017-02-10,205058.98662118302
2017-02-11,193523.46383274798
2017-02-12,178128.82348274402
2017-02-13,202170.45994400303
2017-02-14,204601.801743472
2017-02-15,201960.07351151502
2017-02-16,205978.13511078403
2017-02-17,204818.279759735
2017-02-18,191158.02511491752
2017-02-19,180369.51994237833
2017-02-20,204461.3124255702
2017-02-21,215432.35268211341
2017-02-22,217192.866651188
2017-02-23,214136.198957925
2017-02-24,217278.60673855047
2017-02-25,201879.20429530443
2017-02-26,187440.30398221445
2017-02-27,210916.893162883
2017-02-28,215388.25524943107
2017-03-01,209633.61747327627
2017-03-02,208451.95939519716
2017-03-03,206968.389473443
2017-03-04,185074.52372092803
2017-03-05,174024.53929194054
2017-03-06,197860.18722470905
2017-03-07,202033.481231587
2017-03-08,199276.84986294102
2017-03-09,200882.763462034
2017-03-10,201092.46798214357
2017-03-11,189187.3197031278
2017-03-12,177712.0473603357
2017-03-13,201925.92442262938
2017-03-14,205054.25675058202
2017-03-15,202851.01131034837
2017-03-16,202246.56279720506
2017-03-17,205211.8713460022
2017-03-18,193370.69018072129
2017-03-19,179624.67531248758
2017-03-20,201064.87092126062
2017-03-21,203956.53848626744
2017-03-22,204040.66173144104
2017-03-23,205511.59623994504
2017-03-24,205376.59928539835
2017-03-25,192877.66310186303
2017-03-26,178911.990166188
2017-03-27,202328.34515848602
2017-03-28,205923.559208545
2017-03-29,202302.414976509
2017-03-30,200500.71186910503
2017-03-31,200274.268988059
2017-04-01,185634.09962738102
2017-04-02,176491.45120784803
2017-04-03,197596.38658866403
2017-04-04,194495.100671128
2017-04-05,192265.84929002603
2017-04-06,194861.93151959998
2017-04-07,198113.4293571976
2017-04-08,189209.319476877
2017-04-09,178704.708356971
2017-04-10,196987.373725452
2017-04-11,199386.6113719737
2017-04-12,196725.91504910198
2017-04-13,192707.1668694
2017-04-14,176066.67777066102
2017-04-15,178422.29607970561
2017-04-16,180191.774156553
2017-04-17,202906.025029279
2017-04-18,201352.15591318402
2017-04-19,177971.13453143102
2017-04-20,200489.222677753
2017-04-21,203957.804111332
2017-04-22,196207.743311535
2017-04-23,182392.17171313902
2017-04-24,202056.206238305
2017-04-25,205229.16104503698
2017-04-26,203698.764670943
2017-04-27,207142.1118582664
2017-04-28,207598.37033458063
2017-04-29,197325.26988069149
2017-04-30,181782.9730170671
2017-05-01,179950.53078391598
2017-05-02,204094.88930545052
2017-05-03,207778.47434865998
2017-05-04,209356.37503319027
2017-05-05,208939.5034509389
2017-05-06,200852.637559778
2017-05-07,189383.46090409497
2017-05-08,200148.529772276
2017-05-09,206015.67842229144
2017-05-10,208035.88678103202
2017-05-11,210382.16076352244
2017-05-12,205937.54125286304
2017-05-13,198867.566028788
2017-05-14,181003.951008232
2017-05-15,202647.202832906
2017-05-16,206763.16731039702
2017-05-17,207329.95363016246
2017-05-18,211411.63467173898
2017-05-19,210406.05938531595
2017-05-20,201159.94587728495
2017-05-21,189775.3498837527
2017-05-22,206970.50697297
2017-05-23,209714.20991400201
2017-05-24,210757.79564137102
2017-05-25,212319.1545134484
2017-05-26,207770.1035718826
2017-05-27,194552.137652846
2017-05-28,186805.4482690443
2017-05-29,208316.03892771597
2017-05-30,209831.09300022598
2017-05-31,208668.11276728899
2017-06-01,207042.86194976798
2017-06-02,213105.473690106
2017-06-03,201457.97029425896
2017-06-04,192375.33458522096
2017-06-05,213136.61591973278
2017-06-06,211695.43533243102
2017-06-07,206674.636808305
2017-06-08,201865.894136563
2017-06-09,203821.485597248
2017-06-10,194047.186678261
2017-06-11,186408.055238635
2017-06-12,209965.115072195
2017-06-13,212694.730378153
2017-06-14,211157.278195134
2017-06-15,213849.93433345598
2017-06-16,210227.16494860666
2017-06-17,198503.460986746
2017-06-18,194577.36550952002
2017-06-19,218727.79935613502
2017-06-20,218892.723047546
2017-06-21,216779.02135906796
2017-06-22,216796.3538363122
2017-06-23,213123.15680215505
2017-06-24,205152.860760456
2017-06-25,193339.06540972102
2017-06-26,195841.21272828802
2017-06-27,211696.232604779
2017-06-28,213228.592830345
2017-06-29,214606.206888764
2017-06-30,213596.450998822
2017-07-01,197096.024464531
2017-07-02,186399.346230102
2017-07-03,209662.826104428
2017-07-04,215762.895517002
2017-07-05,218830.500487843
2017-07-06,214815.27710916102
2017-07-07,213850.85060134498
2017-07-08,204376.49358180098
2017-07-09,192718.624333105
2017-07-10,212887.09842244998
2017-07-11,213592.743954487
2017-07-12,210715.893714436
2017-07-13,211956.9285731864
2017-07-14,216349.23370543311
2017-07-15,200688.6706763431
2017-07-16,194980.6674931161
2017-07-17,216546.30463794013
2017-07-18,214452.247833699
2017-07-19,207679.57128397698
2017-07-20,206129.1998019056
2017-07-21,207601.9351034815
2017-07-22,203276.34733049906
2017-07-23,190482.8941432515
2017-07-24,207582.1842128274
2017-07-25,210072.105374565
2017-07-26,208391.3358824859
2017-07-27,206015.42002191974
2017-07-28,208573.63098574278
2017-07-29,201085.753032846
2017-07-30,191787.66325404198
2017-07-31,212869.05994293702
2017-08-01,217816.936364116
2017-08-02,211795.236024962
2017-08-03,207724.2532149151
2017-08-04,213755.836786026
2017-08-05,204778.886656529
2017-08-06,191065.38980080702
2017-08-07,214697.30189446898
2017-08-08,209319.16162435498
2017-08-09,214882.85688393904
2017-08-10,219367.632058727
2017-08-11,221804.40973289957
2017-08-12,206702.17111229437
2017-08-13,184502.7743848889
2017-08-14,205017.7648232524
2017-08-15,193495.9841422166
2017-08-16,206023.65737664961
2017-08-17,208004.0982795922
2017-08-18,215156.872875937
2017-08-19,202881.0578788647
2017-08-20,190754.077947883
2017-08-21,210444.92527715204
2017-08-22,212209.80998214398
2017-08-23,208897.4093952599
2017-08-24,210666.199782508
2017-08-25,213482.24206020596
2017-08-26,202867.39030250098
2017-08-27,190257.899167543
2017-08-28,215874.033798283
2017-08-29,215619.45075728
2017-08-30,215180.82006076298
2017-08-31,209583.094080848
2017-09-01,209812.2913025406
2017-09-02,193690.27231844
2017-09-03,186984.977839405
2017-09-04,204071.69735558497
2017-09-05,207497.454369914
2017-09-06,206473.11813359498
2017-09-07,205887.34449172596
2017-09-08,208986.9624930633
2017-09-09,198944.19204928802
2017-09-10,191587.687445495
2017-09-11,213281.08758326402
2017-09-12,209100.41874773204
2017-09-13,207445.75347535
2017-09-14,210080.52763088598
2017-09-15,203969.85232569402
2017-09-16,190418.412081913
2017-09-17,180649.44894262397
2017-09-18,176363.609078038
2017-09-19,179807.012675617
2017-09-20,199885.906774045
2017-09-21,207233.43619901428
2017-09-22,204484.7165352698
2017-09-23,195655.45477871917
2017-09-24,187084.443298436
2017-09-25,205461.0993585485
2017-09-26,204851.3778506395
2017-09-27,202393.69658830168
2017-09-28,203628.62946489992
2017-09-29,203869.77265635668
2017-09-30,195905.19672421925
2017-10-01,183426.41497379102
2017-10-02,206541.022256139
2017-10-03,205200.426844008
2017-10-04,203775.53561677702
2017-10-05,203803.299500602
2017-10-06,207486.086031643
2017-10-07,198503.969475354
2017-10-08,183375.076995595
2017-10-09,185898.279004137
2017-10-10,207401.39259610602
2017-10-11,203954.509056601
2017-10-12,202450.86778021484
2017-10-13,204871.40474731167
2017-10-14,195619.41037299385
2017-10-15,182687.55965218454
2017-10-16,203474.97218797787
2017-10-17,206521.99746651418
2017-10-18,203825.93369158098
2017-10-19,207194.506648974
2017-10-20,208600.289773729
2017-10-21,196986.88103444435
2017-10-22,184726.97073095146
2017-10-23,210251.01688113422
2017-10-24,211400.2003755352
2017-10-25,206967.89028541793
2017-10-26,206257.41969870043
2017-10-27,190567.31756590318
2017-10-28,191034.102426854
2017-10-29,181846.17765966197
2017-10-30,207759.375067098
2017-10-31,208621.060457657
2017-11-01,189703.70004980397
2017-11-02,207826.964659105
2017-11-03,207811.857331331
2017-11-04,197671.59095287422
2017-11-05,184710.59434150902
2017-11-06,208538.387191232
2017-11-07,208248.53866652297
2017-11-08,204479.13508941297
2017-11-09,207103.91402579902
2017-11-10,208345.37481363397
2017-11-11,199270.696673521
2017-11-12,188686.222060754
2017-11-13,213903.61966007168
2017-11-14,214520.727610152
2017-11-15,210217.52130077695
2017-11-16,212599.42264527117
2017-11-17,211196.89839183603
2017-11-18,199109.17595566637
2017-11-19,185257.1394228849
2017-11-20,210492.17529238202
2017-11-21,213863.03692511888
2017-11-22,215567.27138955245
2017-11-23,216301.75796468338
2017-11-24,216105.812535774
2017-11-25,191450.33179641483
2017-11-26,191575.06004741686
2017-11-27,215143.1205449396
2017-11-28,217488.45264656417
2017-11-29,212919.5953675561
2017-11-30,214034.5725996484
2017-12-01,215395.01322154125
2017-12-02,204363.43276355098
2017-12-03,195773.13730653797
2017-12-04,218141.08170733196
2017-12-05,220143.45528604608
2017-12-06,210480.9683313857
2017-12-07,210040.1867587551
2017-12-08,192953.088977511
2017-12-09,194522.05410636682
2017-12-10,187955.16815122426
2017-12-11,212309.14620773896
2017-12-12,213066.05370380898
2017-12-13,208041.24112569896
2017-12-14,219246.52091691166
2017-12-15,225583.875185154
2017-12-16,210329.39027734776
2017-12-17,193099.1647755401
2017-12-18,220946.60454557007
2017-12-19,226420.1549581315
2017-12-20,223817.34141211587
2017-12-21,224540.75934254628
2017-12-22,223569.11926146396
2017-12-23,210548.07705081798
2017-12-24,197131.53010454698
2017-12-25,181510.90488899202
2017-12-26,218493.76190381398
2017-12-27,222967.291888125
2017-12-28,227191.70775975543
2017-12-29,225798.36824631252
2017-12-30,211418.807295149
2017-12-31,196126.05521798698
2018-01-01,183040.809247114
2018-01-02,215443.71120511103
2018-01-03,222042.53178340383
2018-01-04,221956.42721917297
2018-01-05,223012.1454646887
2018-01-06,212194.33504033898
2018-01-07,199423.3318933554
2018-01-08,218389.692105834
2018-01-09,219279.522762745
2018-01-10,216901.45757566602
2018-01-11,216440.013847794
2018-01-12,217529.78474875801
2018-01-13,203277.63964721203
2018-01-14,195782.91468975105
2018-01-15,214282.47895572378
2018-01-16,211593.137177194
2018-01-17,218817.27112046504
2018-01-18,218994.924321478
2018-01-19,214452.39369352572
2018-01-20,209421.685196264
2018-01-21,192610.92844694096
2018-01-22,219074.02098736799
2018-01-23,222767.21406557603
2018-01-24,195966.31437745402
2018-01-25,222552.60297618702
2018-01-26,222383.82262681902
2018-01-27,210278.929385069
2018-01-28,196532.93897115104
2018-01-29,221948.48456169103
2018-01-30,223865.95502473402
2018-01-31,198982.41005234202
2018-02-01,201689.794863827
2018-02-02,223399.709388512
2018-02-03,207974.443973604
2018-02-04,194067.52900157802
2018-02-05,219539.408021638
2018-02-06,220903.53612973302
2018-02-07,219608.39610630204
2018-02-08,220289.084884991
2018-02-09,218052.47515387004
2018-02-10,208735.956997474
2018-02-11,195359.879999291
2018-02-12,220371.176792567
2018-02-13,224031.12065805902
2018-02-14,218599.262403681
2018-02-15,217300.04249373602
2018-02-16,219390.92405415504
2018-02-17,209922.2593324177
2018-02-18,196666.2179238574
2018-02-19,219383.84804759172
2018-02-20,225040.37989275352
2018-02-21,226160.16661902954
2018-02-22,227395.3482207706
2018-02-23,227695.46086956552
2018-02-24,209948.85160835905
2018-02-25,195046.60649771502
2018-02-26,221547.02530918526
2018-02-27,224745.50695065004
2018-02-28,223273.61464536906
2018-03-01,217360.89337861963
2018-03-02,220063.23822277243
2018-03-03,205740.198778757
2018-03-04,189805.623803258
2018-03-05,218301.987826745
2018-03-06,221545.09913371401
2018-03-07,215934.97464498907
2018-03-08,214707.534880233
2018-03-09,216333.485041447
2018-03-10,204733.64193789702
2018-03-11,191624.87544284321
2018-03-12,216131.4552122937
2018-03-13,218108.47631351274
2018-03-14,212516.8913785837
2018-03-15,216782.6217419226
2018-03-16,217782.7430952641
2018-03-17,204375.296545493
2018-03-18,190654.67557132628
2018-03-19,214142.00723573752
2018-03-20,219760.51137016
2018-03-21,216312.40386757464
2018-03-22,218487.785558289
2018-03-23,220211.86772582357
2018-03-24,208579.620316638
2018-03-25,196085.01930809897
2018-03-26,218608.03983071394
2018-03-27,222906.96061436
2018-03-28,223863.811161983
2018-03-29,219798.53101586903
2018-03-30,192209.12188199497
2018-03-31,188415.75215667702
2018-04-01,183587.036301688
2018-04-02,204485.38089475402
2018-04-03,208700.02138073402
2018-04-04,208932.20552720097
2018-04-05,207853.871036909
2018-04-06,206696.76751271798
2018-04-07,199832.149594894
2018-04-08,187970.57153517992
2018-04-09,208159.2512438871
2018-04-10,208900.3241762158
2018-04-11,206401.321951477
2018-04-12,205581.38405473428
2018-04-13,208651.1167815064
2018-04-14,197767.70559540155
2018-04-15,187283.28979224758
2018-04-16,207596.17315220166
2018-04-17,210078.2276525783
2018-04-18,210100.0587774438
2018-04-19,211381.42484005817
2018-04-20,214250.1027038266
2018-04-21,203315.4005043766
2018-04-22,190979.6109475144
2018-04-23,209157.90141502698
2018-04-24,211327.20021703537
2018-04-25,209792.18837982323
2018-04-26,211639.34057698672
2018-04-27,213839.02125898222
2018-04-28,206651.07904691919
2018-04-29,190166.33363270178
2018-04-30,204878.2849174547
2018-05-01,189665.2103527128
2018-05-02,210675.33093170292
2018-05-03,213982.48684872803
2018-05-04,214729.71100579528
2018-05-05,202511.25126919893
2018-05-06,191497.9543083885
2018-05-07,211481.2181968473
2018-05-08,212163.1942233374
2018-05-09,212520.0442638135
2018-05-10,212814.15171332425
2018-05-11,210886.29503772748
2018-05-12,211698.8630570533
2018-05-13,193876.8180854196
2018-05-14,214040.39900340722
2018-05-15,216514.26286742074
2018-05-16,213175.03417003472
2018-05-17,215070.2698979211
2018-05-18,215686.80987991334
2018-05-19,205066.91321565537
2018-05-20,192038.02791980727
2018-05-21,196777.30395115147
2018-05-22,215314.78760737082
2018-05-23,214598.47871018533
2018-05-24,216247.76422628376
2018-05-25,218350.79279747832
2018-05-26,212577.1555669545
2018-05-27,198628.458964744
2018-05-28,220027.1927895653
2018-05-29,220525.63088917517
2018-05-30,218100.1497975021
2018-05-31,219536.538326523
2018-06-01,221810.68791962753
2018-06-02,213276.29500853398
2018-06-03,202002.74262951914
2018-06-04,227025.86973464087
2018-06-05,228927.40486767964
2018-06-06,220688.61514894097
2018-06-07,220920.9426790542
2018-06-08,219448.49555100445
2018-06-09,210120.00879249763
2018-06-10,202787.06315657182
2018-06-11,224354.31681560102
2018-06-12,226081.70211787347
2018-06-13,224422.9935764338
2018-06-14,220031.4320269865
2018-06-15,219399.3126422846
2018-06-16,204532.6955278469
2018-06-17,192675.2952104109
2018-06-18,213190.6855112443
2018-06-19,219613.5755567523
2018-06-20,221710.50082696587
2018-06-21,222515.2468182186
2018-06-22,224283.33597974348
2018-06-23,218393.9845682799
2018-06-24,206355.56148981547
2018-06-25,228507.72318792378
2018-06-26,230623.6637983965
2018-06-27,221264.05647404806
2018-06-28,226553.16666970108
2018-06-29,222401.617202179
2018-06-30,213994.19299252488
2018-07-01,201647.69073827428
2018-07-02,203224.54706564438
2018-07-03,223142.02263325287
2018-07-04,224988.50561696076
2018-07-05,226467.13540075475
2018-07-06,222034.37092621165
2018-07-07,209450.6268440789
2018-07-08,195885.3146106834
2018-07-09,217701.82795791732
2018-07-10,225018.64066376642
2018-07-11,219267.55346511412
2018-07-12,220216.7253430933
2018-07-13,216500.4474419995
2018-07-14,207288.1799800885
2018-07-15,197251.4889261024
2018-07-16,198448.45437463457
2018-07-17,222000.4637162393
2018-07-18,223854.3602956409
2018-07-19,222031.2120884961
2018-07-20,219857.47808355134
2018-07-21,212728.31022132162
2018-07-22,198400.3065669484
2018-07-23,223431.0926620517
2018-07-24,223343.698971765
2018-07-25,223343.3232802005
2018-07-26,223845.5582798603
2018-07-27,230297.61545614718
2018-07-28,214261.03387082616
2018-07-29,201193.5818366756
2018-07-30,219908.2581659766
2018-07-31,223571.4791636919
2018-08-01,224179.8773044073
2018-08-02,216381.96822505898
2018-08-03,221641.18317280975
2018-08-04,210784.10513935878
2018-08-05,197745.9670944569
2018-08-06,223166.3513002322
2018-08-07,220876.5828764639
2018-08-08,214120.32906826207
2018-08-09,217140.07019165906
2018-08-10,216238.12340443305
2018-08-11,206102.03742735987
2018-08-12,185597.52289227006
2018-08-13,216513.182738372
2018-08-14,216699.0358060153
2018-08-15,191564.34117986241
2018-08-16,211027.8565146186
2018-08-17,211516.66822083428
2018-08-18,200944.21635511852
2018-08-19,190350.5536048416
2018-08-20,212007.5308901996
2018-08-21,215037.6607259094
2018-08-22,220671.53057571332
2018-08-23,220301.98933977378
2018-08-24,217650.74755667453
2018-08-25,203065.49369212158
2018-08-26,190559.8275364552
2018-08-27,213554.5087606706
2018-08-28,214489.8646840972
2018-08-29,214874.966167163
2018-08-30,215345.10068355376
2018-08-31,216713.2082823636
2018-09-01,202349.8030057325
2018-09-02,188838.6087592894
2018-09-03,206520.16982857662
2018-09-04,206954.80100594182
2018-09-05,206544.7639946503
2018-09-06,208593.22512748148
2018-09-07,209311.48668383269
2018-09-08,200759.9875096969
2018-09-09,189898.0356223229
2018-09-10,209110.9540886985
2018-09-11,206261.13082635164
2018-09-12,204454.9429788596
2018-09-13,207776.55212862452
2018-09-14,208390.7210226149
2018-09-15,202238.9822430921
2018-09-16,188743.86680020057
2018-09-17,190286.6053496186
2018-09-18,185435.5894422066
2018-09-19,187044.1223015805
2018-09-20,209264.74297571747
2018-09-21,207071.45235588448
2018-09-22,200628.07136875685
2018-09-23,187313.56866958112
2018-09-24,208129.4003987748
2018-09-25,210979.68741836882
2018-09-26,211187.4095328549
2018-09-27,212875.99395914792
2018-09-28,213755.3523838275
2018-09-29,204880.69135316063
2018-09-30,194694.9184199727
2018-10-01,211434.0019977059
2018-10-02,211643.83075229722
2018-10-03,207930.9068987414
2018-10-04,208885.45722929202
2018-10-05,207013.86032318772
2018-10-06,195165.4379103265
2018-10-07,193490.59060115035
2018-10-08,211502.26737738823
2018-10-09,219996.5963855727
2018-10-10,210452.5081586251
2018-10-11,210414.09997614982
2018-10-12,213231.1759932239
2018-10-13,199724.19786702938
2018-10-14,184331.5112820027
2018-10-15,194352.35584901174
2018-10-16,213204.3964367377
2018-10-17,211070.63634474992
2018-10-18,204978.94941421022
2018-10-19,210568.937137932
2018-10-20,198749.34469624274
2018-10-21,191581.45867684452
2018-10-22,207533.54640498577
2018-10-23,211367.8928152852
2018-10-24,210029.72453020295
2018-10-25,210601.14292382362
2018-10-26,212114.1892499493
2018-10-27,204115.48144073668
2018-10-28,191385.68913431908
2018-10-29,213400.81107464051
2018-10-30,190086.29024368932
2018-10-31,212777.4463765419
2018-11-01,193557.25857016712
2018-11-02,191146.8871015325
2018-11-03,191163.68862503412
2018-11-04,186075.3738416287
2018-11-05,207338.3938194508
2018-11-06,212892.18678864161
2018-11-07,208997.1382703937
2018-11-08,213930.4665607594
2018-11-09,216378.15646535478
2018-11-10,202006.90575974953
2018-11-11,185009.1809146661
2018-11-12,210069.62848707216
2018-11-13,211784.15953470205
2018-11-14,214299.86298870583
2018-11-15,214068.2818615288
2018-11-16,215099.03846008316
2018-11-17,203814.26947485041
2018-11-18,194064.4612336365
2018-11-19,220276.59002741883
2018-11-20,223078.04931799442
2018-11-21,222840.50034539163
2018-11-22,221554.0171673633
2018-11-23,223626.244375588
2018-11-24,210174.819417272
2018-11-25,194895.0896838708
2018-11-26,219514.64418553808
2018-11-27,222632.0518285394
2018-11-28,222706.84707516961
2018-11-29,223215.53259264102
2018-11-30,223200.8848267788
2018-12-01,209331.70968377148
2018-12-02,192113.95257044368
2018-12-03,217857.6994298471
2018-12-04,217745.54793081578
2018-12-05,216186.1338646923
2018-12-06,222075.53553726
2018-12-07,219414.14308479114
2018-12-08,194956.6661745469
2018-12-09,187999.3876677503
2018-12-10,217086.91874928083
2018-12-11,223306.9468584205
2018-12-12,217799.1557932283
2018-12-13,212890.2102338046
2018-12-14,209745.4000038942
2018-12-15,198764.2204224607
2018-12-16,187443.3240222878
2018-12-17,217753.4461223986
2018-12-18,223494.55931544388
2018-12-19,217941.97712933432
2018-12-20,218804.93046611783
2018-12-21,223565.58048968177
2018-12-22,212372.27156977128
2018-12-23,199402.15709732228
2018-12-24,206031.2096841335
2018-12-25,184958.0579311723
2018-12-26,217764.88408156706
2018-12-27,220391.533222133
2018-12-28,221660.91624407106
2018-12-29,210546.93461962638
2018-12-30,198119.22170205647
2018-12-31,206115.9448364395
2019-01-01,180997.0807023135
2019-01-02,208924.0685622168
2019-01-03,214270.56994424196
2019-01-04,217982.84628510472
2019-01-05,209239.36438605806
2019-01-06,193589.55437820675
2019-01-07,215312.82372918937
2019-01-08,213088.6996118124
2019-01-09,206688.2138729495
2019-01-10,211171.92704827338
2019-01-11,214060.81343702698
2019-01-12,200809.26244817415
2019-01-13,187455.19575539927
2019-01-14,207199.12963719174
2019-01-15,213615.86987521208
2019-01-16,216544.79787798587
2019-01-17,217981.647725611
2019-01-18,221331.26241309673
2019-01-19,207879.78454121482
2019-01-20,192187.0508207879
2019-01-21,219840.7818594348
2019-01-22,219413.9414529868
2019-01-23,220065.1654967809
2019-01-24,222616.96087689666
2019-01-25,225493.54528713928
2019-01-26,214633.67804871884
2019-01-27,199801.6432620727
2019-01-28,225946.89132836828
2019-01-29,225903.341739898
2019-01-30,224068.2368148421
2019-01-31,226577.7169883913
2019-02-01,225171.26859971008
2019-02-02,207061.13494846912
2019-02-03,192268.5835747246
2019-02-04,217865.5076465141
2019-02-05,225054.43942008592
2019-02-06,223963.17479788748
2019-02-07,220164.37675972778
2019-02-08,218348.8240950738
2019-02-09,204234.2914296672
2019-02-10,190419.79903281282
2019-02-11,210962.56626107413
2019-02-12,215897.0052591689
2019-02-13,210619.95338528673
2019-02-14,217007.524029452
2019-02-15,223312.6759549728
2019-02-16,208547.6017030236
2019-02-17,197297.6027290808
2019-02-18,222121.04599363508
2019-02-19,226624.61548098206
2019-02-20,221458.4158591387
2019-02-21,218358.60238567408
2019-02-22,221862.74210258428
2019-02-23,210725.381241111
2019-02-24,194889.1783073478
2019-02-25,217739.72321394557
2019-02-26,223113.40559448494
2019-02-27,224558.48011996513
2019-02-28,225014.0851348489
2019-03-01,225994.62378228037
2019-03-02,211607.74134386392
2019-03-03,196938.74544368827
2019-03-04,220882.04346694445
2019-03-05,225209.8295982483
2019-03-06,223860.31572971639
2019-03-07,222154.14991230826
2019-03-08,224926.17052557968
2019-03-09,211220.8960240727
2019-03-10,196140.0243055078
2019-03-11,221671.6225835873
2019-03-12,225942.18242242842
2019-03-13,222258.51083293877
2019-03-14,219586.7282476146
2019-03-15,217668.7031031756
2019-03-16,204194.42583858984
2019-03-17,193537.14038696646
2019-03-18,217372.7028922288
2019-03-19,217652.28676785316
2019-03-20,218964.12017997392
2019-03-21,219124.74536633558
2019-03-22,218924.8602726543
2019-03-23,207979.1508123306
2019-03-24,194567.8952493812
2019-03-25,218639.86344855832
2019-03-26,221387.8462343278
2019-03-27,216896.75664564944
2019-03-28,211995.38142700153
2019-03-29,213126.75619302024
2019-03-30,204867.21303840601
2019-03-31,193685.83274325603
2019-04-01,206148.0610980832
2019-04-02,209542.81678234233
2019-04-03,207478.48446146873
2019-04-04,203003.66523367236
2019-04-05,206802.7964374732
2019-04-06,208760.06074808288
2019-04-07,190422.8333402109
2019-04-08,208109.4811453971
2019-04-09,211144.5280457538
2019-04-10,205185.29910046572
2019-04-11,204243.3477881226
2019-04-12,212537.022358233
2019-04-13,207771.2087656967
2019-04-14,193061.44958577427
2019-04-15,211530.92257681
2019-04-16,211891.4364463826
2019-04-17,211627.10619699932
2019-04-18,212846.01973072637
2019-04-19,192150.5242216178
2019-04-20,190497.81023380652
2019-04-21,190799.9057570033
2019-04-22,209799.48596127293
2019-04-23,214430.268656837
2019-04-24,213673.49865398902
2019-04-25,212626.0976715767
2019-04-26,215001.57212361926
2019-04-27,207519.70798909402
2019-04-28,195028.4049386714
2019-04-29,216125.1767888166
2019-04-30,215308.14375438596
2019-05-01,191555.9789435972
2019-05-02,211498.7275418
2019-05-03,217140.5468379439
2019-05-04,209644.98018504382
2019-05-05,195740.30121962406
2019-05-06,214187.74037654322
2019-05-07,217441.5659493867
2019-05-08,216236.06750564658
2019-05-09,215286.5659558028
2019-05-10,215169.7293670671
2019-05-11,207772.24881095113
2019-05-12,194940.86850012338
2019-05-13,213070.58664102494
2019-05-14,215487.8042280963
2019-05-15,214445.24287001824
2019-05-16,215718.7009723856
2019-05-17,213581.05842052042
2019-05-18,205112.836089835
2019-05-19,198062.19105344982
2019-05-20,217106.7088524447
2019-05-21,207228.9729034591
2019-05-22,224150.7399060601
2019-05-23,224263.27264163768
2019-05-24,225309.84018039875
2019-05-25,212975.1379654621
2019-05-26,200851.9953274654
2019-05-27,220672.0875964622
2019-05-28,221904.64577263664
2019-05-29,220324.7199276072
2019-05-30,214687.3499979638
2019-05-31,214792.71565496264
2019-06-01,206508.8893675643
2019-06-02,194418.50640143792
2019-06-03,209553.76921143747
2019-06-04,215658.95989605485
2019-06-05,211532.1519250425
2019-06-06,216773.0335082098
2019-06-07,219549.7161841978
2019-06-08,212134.6338283772
2019-06-09,200624.7788633459
2019-06-10,218540.0344394442
2019-06-11,226022.9922996619
2019-06-12,223634.6501266828
2019-06-13,224440.4359176651
2019-06-14,225964.22046230795
2019-06-15,213825.7156719053
2019-06-16,199545.06008034167
2019-06-17,226306.6586024457
2019-06-18,220857.82374125058
2019-06-19,220179.1863332772
2019-06-20,220686.97938742008
2019-06-21,221782.32958861897
2019-06-22,211076.9153142492
2019-06-23,202855.220913149
2019-06-24,228775.78297391237
2019-06-25,229085.3167591723
2019-06-26,228794.00757568356
2019-06-27,230766.1207856289
2019-06-28,224626.10672686534
2019-06-29,206480.70409006922
2019-06-30,204882.07458709308
2019-07-01,225830.21079785342
2019-07-02,227013.00975283902
2019-07-03,223235.28589566538
2019-07-04,223143.8903097683
2019-07-05,224981.1838883885
2019-07-06,214713.70842385702
2019-07-07,203003.8944407539
2019-07-08,223695.3968171779
2019-07-09,221853.92021322338
2019-07-10,225299.16581718513
2019-07-11,226759.01467161454
2019-07-12,227629.3761589865
2019-07-13,215762.1406603313
2019-07-14,202504.27722002927
2019-07-15,218476.6143183749
2019-07-16,205397.61443268706
2019-07-17,222538.53621408402
2019-07-18,219377.31314178542
2019-07-19,223728.49366208742
2019-07-20,212283.08572378338
2019-07-21,206435.756677873
2019-07-22,227779.83717519479
2019-07-23,229957.3345745349
2019-07-24,226257.02564586053
2019-07-25,226917.9757227574
2019-07-26,225909.67035593156
2019-07-27,213666.8563458789
2019-07-28,202419.4198425893
2019-07-29,219386.52374574388
2019-07-30,218149.06405747516
2019-07-31,220983.8539677503
2019-08-01,222320.37566668843
2019-08-02,218714.72126340593
2019-08-03,206343.71632384675
2019-08-04,196702.5828441642
2019-08-05,216815.1015064677
2019-08-06,220274.9770178967
2019-08-07,218471.4276588543
2019-08-08,222220.40018484127
2019-08-09,225095.8445066809
2019-08-10,217202.87533004498
2019-08-11,200786.33449618882
2019-08-12,220731.19293910885
2019-08-13,219269.079392364
2019-08-14,214343.1357551088
2019-08-15,201544.63542887458
2019-08-16,216859.8609214779
2019-08-17,209605.4112296831
2019-08-18,200812.1545118541
2019-08-19,223663.9018105652
2019-08-20,215913.9072566195
2019-08-21,216494.0649861384
2019-08-22,215389.956732447
2019-08-23,210872.84359352643
2019-08-24,204173.6573072478
2019-08-25,195763.9955411517
2019-08-26,211761.13668585374
2019-08-27,213765.7137169332
2019-08-28,211102.5632710143
2019-08-29,213685.5584439128
2019-08-30,214984.1534026923
2019-08-31,204223.37397239817
2019-09-01,192146.7612927119
2019-09-02,210204.369197829
2019-09-03,207408.6871588504
2019-09-04,205579.1282085057
2019-09-05,209596.98493516492
2019-09-06,213091.35371455408
2019-09-07,205075.01685114042
2019-09-08,181276.76403373902
2019-09-09,211353.04593672845
2019-09-10,212557.8896696771
2019-09-11,208173.04110658617
2019-09-12,208020.80781729677
2019-09-13,210774.7492063668
2019-09-14,207208.54323834623
2019-09-15,197252.44667897164
2019-09-16,211317.19144204122
2019-09-17,205979.8446975597
2019-09-18,186256.65865593878
2019-09-19,185005.1612130887
2019-09-20,189459.05633564777
2019-09-21,194036.76223634428
2019-09-22,190614.90405845357
2019-09-23,209357.03094650112
2019-09-24,209689.7630954852
2019-09-25,206592.31735685782
2019-09-26,212507.7681895427
2019-09-27,216581.1534280965
2019-09-28,204340.89625901738
2019-09-29,194050.4022569981
2019-09-30,217046.86693648132
2019-10-01,224825.2501064912
2019-10-02,222396.70414673688
2019-10-03,218310.2092358465
2019-10-04,214402.41350584617
2019-10-05,201689.0774532357
2019-10-06,189314.3441946276
2019-10-07,210084.7465800518
2019-10-08,212914.6675600171
2019-10-09,212831.51100939678
2019-10-10,214383.8349956508
2019-10-11,215981.3908526908
2019-10-12,197452.311299709
2019-10-13,190884.5743687464
2019-10-14,212169.9645568671
2019-10-15,212983.1900988492
2019-10-16,208609.7933240175
2019-10-17,207347.26586559205
2019-10-18,205633.1959505443
2019-10-19,194051.4321764365
2019-10-20,177763.9011520287
2019-10-21,182733.4843196813
2019-10-22,186526.70253714375
2019-10-23,189751.499477933
2019-10-24,194911.1568998217
2019-10-25,199478.46482545
2019-10-26,192612.9464386721
2019-10-27,183072.5245587223
2019-10-28,201432.7238963667
2019-10-29,205082.4069836135
2019-10-30,198890.4576749069
2019-10-31,185771.1409602982
2019-11-01,184088.6003799068
2019-11-02,188756.52887007024
2019-11-03,181953.89786157192
2019-11-04,207299.4287179359
2019-11-05,209721.66735211233
2019-11-06,212210.5948210695
2019-11-07,215342.5883004167
2019-11-08,217928.65547645523
2019-11-09,206970.4084876844
2019-11-10,192406.94458014143
2019-11-11,214416.17581350572
2019-11-12,211225.93191388797
2019-11-13,212087.78251278301
2019-11-14,215450.3391053244
2019-11-15,220318.38570405092
2019-11-16,212631.39660092173
2019-11-17,197931.3555701411
2019-11-18,222127.8019236736
2019-11-19,225571.4617315533
2019-11-20,220324.6446861114
2019-11-21,220794.91779130657
2019-11-22,218470.26565502764
2019-11-23,208668.57355989734
2019-11-24,192933.6085884654
2019-11-25,215440.56220283135
2019-11-26,217153.47453373368
2019-11-27,218752.7594616676
2019-11-28,221227.8082513138
2019-11-29,222325.36410274633
2019-11-30,209244.73470254042
2019-12-01,196340.7667421351
2019-12-02,218268.9729926236
2019-12-03,221369.1126155608
2019-12-04,220883.45987279055
2019-12-05,220721.47763235963
2019-12-06,223763.92101487887
2019-12-07,210239.44186260173
2019-12-08,197798.99965423899
2019-12-09,222638.2571329626
2019-12-10,226000.473124394
2019-12-11,226151.4773555362
2019-12-12,229463.25526721773
2019-12-13,227893.98275454494
2019-12-14,212932.92494361498
2019-12-15,198103.7521433644
2019-12-16,225815.3584123304
2019-12-17,228081.8900123974
2019-12-18,225793.6646232506
2019-12-19,223446.2294026044
2019-12-20,228360.54765455422
2019-12-21,218899.73196411913
2019-12-22,206197.10899660373
2019-12-23,230317.29888482078
2019-12-24,222698.5069118775
2019-12-25,192034.1536104233
2019-12-26,223978.8408733369
2019-12-27,231208.54633351392
2019-12-28,221956.94149025908
2019-12-29,208237.9061745119
2019-12-30,229055.98918107038
2019-12-31,219981.47332116347
2020-01-01,187930.3779904973
2020-01-02,221661.12961217092
2020-01-03,227282.01860379346
2020-01-04,216096.2303249066
2020-01-05,198944.84173427802
2020-01-06,218692.08743553303
2020-01-07,220161.6842638132
2020-01-08,215774.2188902433
2020-01-09,220166.94516984432
2020-01-10,221136.8618764516
2020-01-11,209704.1366423916
2020-01-12,194956.21438816702
2020-01-13,222454.1869915482
2020-01-14,224291.5137787804
2020-01-15,221749.65285843378
2020-01-16,223547.15354320416
2020-01-17,227551.3679452827
2020-01-18,214498.1080412731
2020-01-19,196101.53170032531
2020-01-20,222586.04995473064
2020-01-21,227864.1945092046
2020-01-22,223193.79145535213
2020-01-23,228433.29085907558
2020-01-24,233078.0234001327
2020-01-25,218592.4595140905
2020-01-26,203293.31520313263
2020-01-27,232102.65288015
2020-01-28,235689.0536031803
2020-01-29,231127.99556701252
2020-01-30,231569.59416550398
2020-01-31,230715.53348914173
2020-02-01,213550.8387423126
2020-02-02,199720.65847628537
2020-02-03,221294.5418112224
2020-02-04,223375.98213195702
2020-02-05,220496.4036946407
2020-02-06,221081.24874486664
2020-02-07,224949.74571105477
2020-02-08,216625.9763833977
2020-02-09,204588.67444160153
2020-02-10,227334.90534795594
2020-02-11,228228.37276291806
2020-02-12,225251.9354631348
2020-02-13,223387.477368484
2020-02-14,222257.4831371919
2020-02-15,208010.8553324103
2020-02-16,194834.90246271153
2020-02-17,219040.26255474048
2020-02-18,224284.502853665
2020-02-19,227093.57587770422
2020-02-20,230782.8970322111
2020-02-21,227117.27537419702
2020-02-22,213733.95697762672
2020-02-23,198171.53764106528
2020-02-24,223445.1622686041
2020-02-25,226014.0084523687
2020-02-26,228625.59242504055
2020-02-27,229102.43740388346
2020-02-28,229040.62329305254
2020-02-29,216950.92187187605
2020-03-01,194563.59249020572
2020-03-02,223535.41880459033
2020-03-03,228376.8360676711
2020-03-04,226102.8430626854
2020-03-05,229445.8890459548
2020-03-06,234429.52759944208
2020-03-07,217840.56712614693
2020-03-08,205563.2220044121
2020-03-09,230691.62288210195
2020-03-10,232685.9481671368
2020-03-11,228655.92196124757
2020-03-12,228826.12101216073
2020-03-13,231446.83729956974
2020-03-14,216311.071226836
2020-03-15,200149.63152471173
2020-03-16,217719.49637535913
2020-03-17,225803.2407472647
2020-03-18,224502.72314990842
2020-03-19,219053.08948886557
2020-03-20,223903.48936294625
2020-03-21,210077.64990755098
2020-03-22,196075.44172021662
2020-03-23,215926.30475447577
2020-03-24,219694.77622779374
2020-03-25,217931.79915497225
2020-03-26,220891.48502113562
2020-03-27,216249.1549369937
2020-03-28,207555.40702445863
2020-03-29,196353.45904777083
2020-03-30,213536.0387473317
2020-03-31,213031.8922014668
2020-04-01,207283.46538294014
2020-04-02,207395.14808785188
2020-04-03,206891.90697141946
2020-04-04,201120.38641947598
2020-04-05,186962.84490255464
2020-04-06,202670.94002562945
2020-04-07,210561.07500837205
2020-04-08,211565.64047262332
2020-04-09,210385.020417181
2020-04-10,194460.05133131988
2020-04-11,193405.7185806584
2020-04-12,192028.9006757853
2020-04-13,210278.0192870994
2020-04-14,213992.44059555448
2020-04-15,211628.57845185854
2020-04-16,212890.45877351039
2020-04-17,213717.22276083913
2020-04-18,202909.89855595285
2020-04-19,192495.45781886225
2020-04-20,211421.50029883505
2020-04-21,214210.45681369776
2020-04-22,210315.01833512785
2020-04-23,211199.40831793874
2020-04-24,214202.30090858834
2020-04-25,205633.0396015649
2020-04-26,196995.64016616507
2020-04-27,212183.45829442822
2020-04-28,214135.6433513737
2020-04-29,214160.0153681692
2020-04-30,210166.62011388724
2020-05-01,190098.47939347418
2020-05-02,195863.6406629672
2020-05-03,192402.279474534
2020-05-04,208825.432249626
2020-05-05,209450.53328019788
2020-05-06,208154.97519768443
2020-05-07,211811.25941560618
2020-05-08,211775.568148175
2020-05-09,204494.46937140258
2020-05-10,193749.7338619113
2020-05-11,211510.8988440399
2020-05-12,215031.85420698076
2020-05-13,213247.96910994718
2020-05-14,212818.3644594789
2020-05-15,210322.46363375787
2020-05-16,203089.0880656187
2020-05-17,195789.96962411355
2020-05-18,211776.3879300503
2020-05-19,218278.2629593275
2020-05-20,216525.1711807861
2020-05-21,202198.0099477396
2020-05-22,211691.350273013
2020-05-23,203177.0478618805
2020-05-24,192813.9671261125
2020-05-25,207511.4522314485
2020-05-26,210667.4577717642
2020-05-27,216496.11539447636
2020-05-28,218403.1336696419
2020-05-29,219836.312079371
2020-05-30,208706.6702845154
2020-05-31,197225.1652359385
2020-06-01,210497.2138653223
2020-06-02,218364.6514017244
2020-06-03,210424.58903630349
2020-06-04,211589.72480331498
2020-06-05,214654.1217806597
2020-06-06,208433.11658281158
2020-06-07,200163.764849877
2020-06-08,219285.41764428708
2020-06-09,220266.05360657512
2020-06-10,219484.7326717287
2020-06-11,222532.12049590627
2020-06-12,219850.92222905438
2020-06-13,210666.6992369921
2020-06-14,199384.9952507629
2020-06-15,216765.2499173272
2020-06-16,216634.7734476398
2020-06-17,219089.2019073259
2020-06-18,220386.440883523
2020-06-19,219461.93546860648
2020-06-20,213459.08929159504
2020-06-21,201210.305931749
2020-06-22,219393.3438925331
2020-06-23,219417.21519563266
2020-06-24,216616.9211533739
2020-06-25,223047.0103462512
2020-06-26,220013.22811326006
2020-06-27,209975.89370952427
2020-06-28,199279.10490128517
2020-06-29,201975.12176053767
2020-06-30,211314.11887261257
2020-07-01,212455.72356572206
2020-07-02,207196.06760978585
2020-07-03,206103.22617654147
2020-07-04,206096.51647999123
2020-07-05,194257.359352611
2020-07-06,212694.843857928
2020-07-07,216262.01179908784
2020-07-08,214409.4359839113
2020-07-09,211286.3690316666
2020-07-10,213301.6651511752
2020-07-11,206040.8539749912
2020-07-12,195344.36694798697
2020-07-13,208818.37833126448
2020-07-14,209126.7139581459
2020-07-15,206954.25005599568
2020-07-16,201216.07559967012
2020-07-17,211514.86851364083
2020-07-18,205124.89494895082
2020-07-19,195137.31821438466
2020-07-20,209170.86414323075
2020-07-21,215909.60537619685
2020-07-22,212355.58424794622
2020-07-23,211708.89746264918
2020-07-24,213891.82134610918
2020-07-25,210244.85782211492
2020-07-26,201049.551040453
2020-07-27,213786.07334117749
2020-07-28,216021.10643501612
2020-07-29,213796.96002427483
2020-07-30,214656.74883250808
2020-07-31,212243.57193811508
2020-08-01,202635.51401179112
2020-08-02,193083.00237613602
2020-08-03,207289.09701409042
2020-08-04,209552.57282421843
2020-08-05,206852.7739197524
2020-08-06,206679.78345349687
2020-08-07,206172.17592355097
2020-08-08,197418.9266830185
2020-08-09,189809.0262787676
2020-08-10,212833.3130546056
2020-08-11,215676.46976397003
2020-08-12,217177.1386408524
2020-08-13,218064.3015244878
2020-08-14,215238.76275023082
2020-08-15,198235.82017502768
2020-08-16,193415.3076397492
2020-08-17,212958.0405427877
2020-08-18,219806.2440462861
2020-08-19,216067.46636248464
2020-08-20,214199.21403063426
2020-08-21,210971.30474120294
2020-08-22,200227.88866835405
2020-08-23,193845.33930752287
2020-08-24,212493.49757144952
2020-08-25,215429.7818781652
2020-08-26,215265.9746818174
2020-08-27,217500.36113538628
2020-08-28,220481.94808293256
2020-08-29,204406.4665226065
2020-08-30,196285.9047428237
2020-08-31,218612.6461659567
2020-09-01,220891.15283199344
2020-09-02,213154.55431979412
2020-09-03,212757.71259347157
2020-09-04,212641.49098902184
2020-09-05,201447.657906144
2020-09-06,182432.31904301728
2020-09-07,212002.4935780979
2020-09-08,219015.52740880378
2020-09-09,210628.60162893555
2020-09-10,210053.7981775802
2020-09-11,209506.08293859448
2020-09-12,197783.4861703013
2020-09-13,189756.255534001
2020-09-14,208278.64339044737
2020-09-15,212420.69405553865
2020-09-16,208987.0713480456
2020-09-17,204380.44681621317
2020-09-18,186195.7844452384
2020-09-19,184825.5102358969
2020-09-20,188275.387657656
2020-09-21,209665.3394892984
2020-09-22,210600.5990331645
2020-09-23,207605.7805608936
2020-09-24,210147.3958581566
2020-09-25,217379.5606784872
2020-09-26,202139.08263594806
2020-09-27,189891.48367832668
2020-09-28,210518.7325907866
2020-09-29,215225.4137264478
2020-09-30,208314.56478500544
2020-10-01,209972.8497696045
2020-10-02,211559.81088216172
2020-10-03,204304.15139797298
2020-10-04,192952.1295580467
2020-10-05,210217.97129636668
2020-10-06,210416.67969416248
2020-10-07,208527.8115414062
2020-10-08,209545.2533217297
2020-10-09,211707.59048229907
2020-10-10,200447.7756502291
2020-10-11,187760.79945351742
2020-10-12,193765.80894691552
2020-10-13,213521.66979464967
2020-10-14,210690.86824825147
2020-10-15,214083.66033422708
2020-10-16,213568.6569751625
2020-10-17,204479.81850898042
2020-10-18,191592.36633356733
2020-10-19,210625.6976665221
2020-10-20,213127.38049083317
2020-10-21,212828.4640937404
2020-10-22,211669.19973164643
2020-10-23,213803.21630444718
2020-10-24,202898.65182982723
2020-10-25,191459.71588818834
2020-10-26,215960.92227394847
2020-10-27,218709.713983872
2020-10-28,215823.35846595588
2020-10-29,216889.69005871998
2020-10-30,217177.32093527017
2020-10-31,199981.33186151285
2020-11-01,193833.65597818172
2020-11-02,213055.63996854547
2020-11-03,215484.85142778116
2020-11-04,215311.09801202553
2020-11-05,215100.1547818872
2020-11-06,216999.78115702825
2020-11-07,205052.60583956758
2020-11-08,193595.36677986136
2020-11-09,215758.436322729
2020-11-10,219658.7430731969
2020-11-11,217750.75846256086
2020-11-12,215887.98531372257
2020-11-13,212833.8280103949
2020-11-14,198919.2438310191
2020-11-15,188673.6249539844
2020-11-16,212609.0164784384
2020-11-17,216454.73277125924
2020-11-18,216364.78189904467
2020-11-19,219949.797594692
2020-11-20,220068.43523544958
2020-11-21,207462.1879693498
2020-11-22,193255.7891670309
2020-11-23,217114.73047295742
2020-11-24,220117.40751618767
2020-11-25,219299.35051618284
2020-11-26,224109.05474627356
2020-11-27,225594.80013653464
2020-11-28,212148.17717249232
2020-11-29,198487.716738006
2020-11-30,225061.09941038024
2020-12-01,227038.00974378406
2020-12-02,222701.29508949324
2020-12-03,226564.3216785885
2020-12-04,227155.16160994302
2020-12-05,216408.5624992942
2020-12-06,201527.5206999947
2020-12-07,218163.38715447174
2020-12-08,208755.444215827
2020-12-09,225219.15965882782
2020-12-10,221737.5277778508
2020-12-11,224781.3713468063
2020-12-12,215110.0480733821
2020-12-13,205644.134346006
2020-12-14,226112.1838695627
2020-12-15,228199.07271388086
2020-12-16,227254.4332644526
2020-12-17,227353.94583463846
2020-12-18,226000.8237078596
2020-12-19,216133.01970861698
2020-12-20,207810.24204651322
2020-12-21,232461.38629202184
2020-12-22,234400.515576576
2020-12-23,232718.85744515894
2020-12-24,226769.9430072895
2020-12-25,202112.2476894236
2020-12-26,210983.4043602152
2020-12-27,208661.5363868751
2020-12-28,233493.84089334827
2020-12-29,234016.56533295487
2020-12-30,234486.69124124208
2020-12-31,226630.17648029717
2021-01-01,200667.13264443894
2021-01-02,208929.66963829438
2021-01-03,206267.56105610626
2021-01-04,230288.72431867698
2021-01-05,231163.6014843483
2021-01-06,228287.3199153078
2021-01-07,224886.9642905308
2021-01-08,226890.6928561706
2021-01-09,208979.63707895772
2021-01-10,197123.038982673
2021-01-11,223687.2281217296
2021-01-12,228480.14085836732
2021-01-13,222223.46672800998
2021-01-14,218700.50356219828
2021-01-15,220796.3824898121
2021-01-16,210307.6280255963
2021-01-17,201687.44185984906
2021-01-18,226684.4101439355
2021-01-19,231393.91355937207
2021-01-20,230821.35257799973
2021-01-21,226147.21083059537
2021-01-22,228057.56377867007
2021-01-23,216558.07089964396
2021-01-24,203342.67026131653
2021-01-25,227948.11062769423
2021-01-26,229747.26771093195
2021-01-27,228423.47313024377
2021-01-28,225102.50638481346
2021-01-29,220199.01182821178
2021-01-30,200644.6742740777
2021-01-31,190534.54510618767
2021-02-01,213366.93340478212
2021-02-02,219185.42406693698
2021-02-03,218203.77117343704
2021-02-04,227148.78645403663
2021-02-05,222859.42064784848
2021-02-06,210373.73210246596
2021-02-07,196600.44975321545
2021-02-08,220914.81278844018
2021-02-09,222964.5593660297
2021-02-10,226394.41984736745
2021-02-11,225038.9477220672
2021-02-12,220795.83631399373
2021-02-13,212484.29183030632
2021-02-14,195930.3220078247
2021-02-15,218713.61565903053
2021-02-16,222354.1773257487
2021-02-17,222375.41684636928
2021-02-18,221086.06710079606
2021-02-19,224246.9860317043
2021-02-20,218251.53480990033
2021-02-21,208411.35442970358
2021-02-22,228762.6001445021
2021-02-23,234630.1280485958
2021-02-24,234889.0951985111
2021-02-25,235383.15308427022
2021-02-26,237709.0239094299
2021-02-27,225723.5847770786
2021-02-28,212173.15796555218
2021-03-01,232156.1038036256
2021-03-02,233779.57528827386
2021-03-03,234973.2715013608
2021-03-04,236324.4031776281
2021-03-05,238623.5405429669
2021-03-06,226960.76776386297
2021-03-07,214901.24787850672
2021-03-08,238860.17720512932
2021-03-09,237505.96763399252
2021-03-10,230479.38876396665
2021-03-11,229519.82426690107
2021-03-12,232417.08594024522
2021-03-13,219535.36183885613
2021-03-14,206462.75395124083
2021-03-15,223129.2420074198
2021-03-16,225719.06213987706
2021-03-17,223413.9342931545
2021-03-18,225264.97389919418
2021-03-19,226786.7722444606
2021-03-20,213467.1927176115
2021-03-21,202473.48559415442
2021-03-22,226447.7227717719
2021-03-23,227208.37940297238
2021-03-24,226014.43134205532
2021-03-25,226153.0084786156
2021-03-26,226533.5156259192
2021-03-27,215213.07239521437
2021-03-28,201136.71029002257
2021-03-29,224529.07232134492
2021-03-30,228584.70678356593
2021-03-31,225313.2679500623
2021-04-01,216439.42799356804
2021-04-02,199928.43454038445
2021-04-03,208363.29460480643
2021-04-04,199890.9463030961
2021-04-05,220253.36195657062
2021-04-06,223760.62973713275
2021-04-07,222739.3206578155
2021-04-08,222621.42789259664
2021-04-09,222847.7185414627
2021-04-10,213975.29202915134
2021-04-11,200356.29033515896
2021-04-12,223204.2904748316
2021-04-13,227021.8968506499
2021-04-14,221259.28668945582
2021-04-15,219733.2761789999
2021-04-16,220417.82244912317
2021-04-17,210300.537761204
2021-04-18,198393.94973499418
2021-04-19,221415.62043405778
2021-04-20,223469.846372439
2021-04-21,219022.83184462905
2021-04-22,223023.0922774634
2021-04-23,222660.1777283714
2021-04-24,213675.96782860506
2021-04-25,202611.8410793161
2021-04-26,221618.2585323305
2021-04-27,225981.909261294
2021-04-28,224456.5039912934
2021-04-29,224295.2014352577
2021-04-30,225580.16461382422
2021-05-01,203118.54243967272
2021-05-02,204819.14327324618
2021-05-03,224873.86204522438
2021-05-04,228630.3557210699
2021-05-05,225197.020698699
2021-05-06,225850.33017898232
2021-05-07,228620.7164383831
2021-05-08,214838.92416815483
2021-05-09,200970.20656157198
2021-05-10,224781.6252018996
2021-05-11,227898.8875848308
2021-05-12,225586.17786530303
2021-05-13,220808.5092083752
2021-05-14,221577.71464675548
2021-05-15,207821.1711432158
2021-05-16,205146.2247856007
2021-05-17,229380.96154365173
2021-05-18,232987.43420641494
2021-05-19,231594.30691055502
2021-05-20,231792.8285860862
2021-05-21,216667.874140528
2021-05-22,214738.12683056254
2021-05-23,208753.44749501062
2021-05-24,231714.1978788733
2021-05-25,234781.12054772582
2021-05-26,231872.96925247522
2021-05-27,231773.48607452377
2021-05-28,230041.66464179437
2021-05-29,223342.34181774632
2021-05-30,212355.558492455
2021-05-31,226761.20945126808
2021-06-01,223455.62616353272
2021-06-02,218997.28922066613
2021-06-03,218622.17793798915
2021-06-04,224429.8070609913
2021-06-05,218632.53212699282
2021-06-06,210370.37887947567
2021-06-07,225036.2683352065
2021-06-08,226759.3348607414
2021-06-09,225608.7506173989
2021-06-10,226054.0917944401
2021-06-11,223831.9113036852
2021-06-12,216346.7574549431
2021-06-13,209004.55880367538
2021-06-14,227991.55196379538
2021-06-15,234633.1961101079
2021-06-16,228469.4511585388
2021-06-17,230683.5651250978
2021-06-18,234273.14968475443
2021-06-19,222999.726932497
2021-06-20,213169.66777364223
2021-06-21,218877.341956909
2021-06-22,233987.12393766994
2021-06-23,236365.25157506694
2021-06-24,237793.08022700044
2021-06-25,241939.70885482582
2021-06-26,230078.4291621413
2021-06-27,220389.0162828111
2021-06-28,224048.21272970567
2021-06-29,238759.30069085667
2021-06-30,242058.25747237774
2021-07-01,238709.83319637913
2021-07-02,237796.4642729887
2021-07-03,225371.85637096458
2021-07-04,216676.3770822666
2021-07-05,239276.57065786683
2021-07-06,240744.36203397298
2021-07-07,234403.58662815279
2021-07-08,232574.77479936258
2021-07-09,236810.6305776307
2021-07-10,225131.31372979193
2021-07-11,217708.02253835526
2021-07-12,240739.0148269454
2021-07-13,239866.19386530222
2021-07-14,239818.26360440115
2021-07-15,238116.9691934823
2021-07-16,222117.96003575742
2021-07-17,216898.1068489235
2021-07-18,208158.14170097944
2021-07-19,229857.28258448173
2021-07-20,233268.6917787758
2021-07-21,223428.71867540097
2021-07-22,227898.87297889523
2021-07-23,231809.04535335794
2021-07-24,228498.02755957577
2021-07-25,217303.94377154985
2021-07-26,236484.97755346165
2021-07-27,238871.2488047392
2021-07-28,236161.89757901803
2021-07-29,234596.61532009512
2021-07-30,234552.0169878592
2021-07-31,220221.1256644082
2021-08-01,206952.91284700687
2021-08-02,223795.87491546577
2021-08-03,228992.02414034415
2021-08-04,229404.84270587875
2021-08-05,234542.30117059316
2021-08-06,234701.7929212577
2021-08-07,225256.92974636852
2021-08-08,215293.11764488
2021-08-09,237389.4166262206
2021-08-10,234138.91557792516
2021-08-11,232720.3920732232
2021-08-12,238152.0051506318
2021-08-13,238600.979560133
2021-08-14,223295.64852714317
2021-08-15,216889.89820158854
2021-08-16,237677.64556456378
2021-08-17,236304.28732296533
2021-08-18,234882.06270352568
2021-08-19,234538.2920348312
2021-08-20,237210.93408058418
2021-08-21,220108.4365827095
2021-08-22,210087.07805822545
2021-08-23,237539.1828609024
2021-08-24,233725.18365120795
2021-08-25,227982.28394155114
2021-08-26,229435.3730695088
2021-08-27,230901.6306003123
2021-08-28,212883.88546964116
2021-08-29,204074.15410684628
2021-08-30,227571.7594585534
2021-08-31,228739.83056647907
2021-09-01,224723.95040935502
2021-09-02,220092.402326525
2021-09-03,226356.82919269954
2021-09-04,207462.1541478187
2021-09-05,189846.98554844683
2021-09-06,227154.4873106796
2021-09-07,230066.4029340756
2021-09-08,225196.4820122444
2021-09-09,227204.5112341082
2021-09-10,226091.12100008506
2021-09-11,219436.4541394967
2021-09-12,209544.91690579933
2021-09-13,233419.54606859808
2021-09-14,233391.92435374064
2021-09-15,220335.94238585513
2021-09-16,215283.10108029362
2021-09-17,202161.1057399159
2021-09-18,194111.1506560066
2021-09-19,193926.56817062292
2021-09-20,223531.55161647502
2021-09-21,229417.9419850152
2021-09-22,227138.19892172288
2021-09-23,223879.71659419616
2021-09-24,224628.6060258111
2021-09-25,212836.10019392782
2021-09-26,201040.94366981206
2021-09-27,221628.71854603745
2021-09-28,221612.04225236786
2021-09-29,216301.15575519012
2021-09-30,217238.97820334786
2021-10-01,219134.68746937573
2021-10-02,209608.8620960583
2021-10-03,201707.45016059026
2021-10-04,221589.92552235306
2021-10-05,223367.4151242341
2021-10-06,221770.19429908023
2021-10-07,224952.7009187206
2021-10-08,224100.43636285624
2021-10-09,210042.896806775
2021-10-10,199208.0050241559
2021-10-11,204052.35054599342
2021-10-12,226286.82426950574
2021-10-13,223814.30003755176
2021-10-14,222571.39824576263
2021-10-15,224860.62660048335
2021-10-16,214875.71476089055
2021-10-17,202866.61141680312
2021-10-18,225707.42427085713
2021-10-19,229652.93409225644
2021-10-20,230719.70009454037
2021-10-21,226880.88745773316
2021-10-22,227602.70468314792
2021-10-23,215428.1741475262
2021-10-24,203104.35979853984
2021-10-25,227867.71918641988
2021-10-26,228783.3358452326
2021-10-27,227434.74827464257
2021-10-28,231721.90276948514
2021-10-29,234105.3694280092
2021-10-30,221103.106669961
2021-10-31,205266.1029315487
2021-11-01,206163.75995053217
2021-11-02,226460.4717366805
2021-11-03,224354.05461191773
2021-11-04,222894.73560213062
2021-11-05,226341.72317230926
2021-11-06,215758.31379498818
2021-11-07,204270.5717782346
2021-11-08,229752.13460913752
2021-11-09,232880.6442538097
2021-11-10,226793.43238749268
2021-11-11,229236.16145627561
2021-11-12,232458.29998684712
2021-11-13,217459.8087706266
2021-11-14,203911.46581815014
2021-11-15,225990.95468783594
2021-11-16,230472.24426814745
2021-11-17,224818.2532685277
2021-11-18,230177.60837428796
2021-11-19,230523.79014500612
2021-11-20,218345.25831326045
2021-11-21,207112.46086835075
2021-11-22,235181.34831205907
2021-11-23,237328.1949958084
2021-11-24,233632.21203728052
2021-11-25,232339.48710883164
2021-11-26,234179.8798570938
2021-11-27,220061.8525379844
2021-11-28,208512.1703887143
2021-11-29,231784.6808944615
2021-11-30,232361.31060412247
2021-12-01,229022.9257791408
2021-12-02,232566.31710209016
2021-12-03,232322.94250322558
2021-12-04,221977.00083345443
2021-12-05,212963.8881851347
2021-12-06,229406.8734821783
2021-12-07,232895.59945481012
2021-12-08,219837.82041554103
2021-12-09,239926.30925644326
2021-12-10,237932.5214382343
2021-12-11,222319.16292120758
2021-12-12,208177.30405519015
2021-12-13,232122.2130598599
2021-12-14,235864.77867599903
2021-12-15,235183.4236183128
2021-12-16,238278.71303720342
2021-12-17,237009.45767002163
2021-12-18,224816.98198443992
2021-12-19,214407.84089048716
2021-12-20,242805.41108548237
2021-12-21,243673.17046029327
2021-12-22,241900.87623182652
2021-12-23,239101.4301340715
2021-12-24,232291.38780359196
2021-12-25,207913.4092203218
2021-12-26,213393.17402875528
2021-12-27,241576.3184166116
2021-12-28,245651.40243704952
2021-12-29,237315.7689039196
2021-12-30,238979.04567547998
2021-12-31,227723.4387732806
2022-01-01,198995.19694485835
2022-01-02,204404.5539203141
2022-01-03,232869.6854872424
2022-01-04,235357.3200579737
2022-01-05,232361.054278398
2022-01-06,234096.92345028825
2022-01-07,239352.93290055566
2022-01-08,224530.4370440269
2022-01-09,206555.0521316897
2022-01-10,232234.61879044367
2022-01-11,233023.20170244612
2022-01-12,234336.55600871652
2022-01-13,232394.4031351806
2022-01-14,233682.01713771117
2022-01-15,219820.9801442695
2022-01-16,203700.14785527487
2022-01-17,223385.78216578398
2022-01-18,226863.379705963
2022-01-19,223910.4305552426
2022-01-20,224631.71249077967
2022-01-21,228322.26039125922
2022-01-22,216208.8273407587
2022-01-23,205085.3555365585
2022-01-24,231287.152681198
2022-01-25,238012.49592223612
2022-01-26,239821.245654688
2022-01-27,247054.26684298198
2022-01-28,244382.3742467375
2022-01-29,224124.18232950429
2022-01-30,209046.21384600713
2022-01-31,232586.0824360893
2022-02-01,238034.34831998165
2022-02-02,235131.25473366934
2022-02-03,234688.75603653016
2022-02-04,236742.4283098506
2022-02-05,223872.4827150515
2022-02-06,211736.817421661
2022-02-07,235218.02419194998
2022-02-08,239230.2252135069
2022-02-09,234162.38164147924
2022-02-10,231349.62347262117
2022-02-11,228983.7438549542
2022-02-12,222399.13118805244
2022-02-13,206902.70076171958
2022-02-14,226629.4179015514
2022-02-15,230451.4189731354
2022-02-16,233624.80932284394
2022-02-17,238831.886543417
2022-02-18,238363.38916731934
2022-02-19,224545.70883552017
2022-02-20,210675.95091475645
2022-02-21,233884.81470811207
2022-02-22,235849.50603297408
2022-02-23,230159.40448018094
2022-02-24,229710.2107624086
2022-02-25,238047.01759837772
2022-02-26,224718.77423100232
2022-02-27,210408.4429060276
2022-02-28,233915.59371828323
2022-03-01,235063.72193367683
2022-03-02,233591.41935203085
2022-03-03,238415.5359613253
2022-03-04,239285.00844143963
2022-03-05,225193.5539756411
2022-03-06,212687.61432559212
2022-03-07,233932.9805798485
2022-03-08,234125.3999194625
2022-03-09,227057.2692269033
2022-03-10,229910.55075465998
2022-03-11,235272.7529313837
2022-03-12,224179.28406894382
2022-03-13,211373.35727822233
2022-03-14,236835.04471167483
2022-03-15,239677.35219939818
2022-03-16,233107.8965732501
2022-03-17,232919.07203346235
2022-03-18,235603.17147671917
2022-03-19,222101.19409344342
2022-03-20,211231.44640869214
2022-03-21,231317.0788899782
2022-03-22,235797.24185795223
2022-03-23,233163.4010607554
2022-03-24,232485.44268146934
2022-03-25,235630.34651949117
2022-03-26,223611.4827642552
2022-03-27,208730.04964581685
2022-03-28,232349.18079565573
2022-03-29,235836.99704614477
2022-03-30,236248.46347964535
2022-03-31,235756.19845321303
2022-04-01,230577.49265944512
2022-04-02,228776.34347920353
2022-04-03,207297.9014667707
2022-04-04,227386.30690210927
2022-04-05,227125.46931007915
2022-04-06,222431.09207092714
2022-04-07,217393.7843113696
2022-04-08,216396.67117563996
2022-04-09,206709.0915203417
2022-04-10,193366.153801826
2022-04-11,216726.21134534417
2022-04-12,219721.15059161492
2022-04-13,222988.01430544414
2022-04-14,225778.87097869595
2022-04-15,207717.85668094785
2022-04-16,205461.74994355964
2022-04-17,208471.24051797533
2022-04-18,230344.50239013814
2022-04-19,231655.6721411891
2022-04-20,227800.0791635761
2022-04-21,231684.1455367252
2022-04-22,230073.74925739362
2022-04-23,219575.60370608149
2022-04-24,206785.92736725177
2022-04-25,220530.1748878701
2022-04-26,229649.6264568348
2022-04-27,230074.78380076922
2022-04-28,232893.7348414403
2022-04-29,233670.48907980204
2022-04-30,220432.8176230004
2022-05-01,206414.0895511051
2022-05-02,227338.97097609262
2022-05-03,227024.95095595962
2022-05-04,226153.71082795362
2022-05-05,230115.18901923188
2022-05-06,227078.1132272718
2022-05-07,217556.05727237416
2022-05-08,214581.27995234242
2022-05-09,231067.71959276422
2022-05-10,231829.50570068497
2022-05-11,233723.4655237943
2022-05-12,235421.85101245568
2022-05-13,235193.22204624183
2022-05-14,227754.24313565972
2022-05-15,214778.9527613539
2022-05-16,234621.77377220098
2022-05-17,237847.26217109457
2022-05-18,236605.1545849701
2022-05-19,234423.88283421885
2022-05-20,234643.06545762
2022-05-21,217620.7796864474
2022-05-22,217128.90593666642
2022-05-23,234497.4968600503
2022-05-24,233002.49935163461
2022-05-25,231003.62984379934
2022-05-26,238120.5352787709
2022-05-27,242133.74743904424
2022-05-28,235669.359832922
2022-05-29,224262.8725571826
2022-05-30,249163.5906830334
2022-05-31,252869.84822247463
2022-06-01,247640.64046151197
2022-06-02,244296.37656684424
2022-06-03,245915.7314841503
2022-06-04,229626.334513422
2022-06-05,217116.297602199
2022-06-06,237093.58709420267
2022-06-07,235638.8389441402
2022-06-08,235570.50308418612
2022-06-09,234639.71729498167
2022-06-10,237173.35206009637
2022-06-11,225988.33920497604
2022-06-12,219496.08421797852
2022-06-13,240226.4612240969
2022-06-14,242046.7053420211
2022-06-15,241162.5607237104
2022-06-16,243072.5692721423
2022-06-17,245636.26123677366
2022-06-18,230063.9406984729
2022-06-19,219560.9467366056
2022-06-20,239768.52024471964
2022-06-21,230187.61269154173
2022-06-22,242981.8832605192
2022-06-23,243905.5234305808
2022-06-24,247396.59943641294
2022-06-25,229170.64574888087
2022-06-26,217966.9312270092
2022-06-27,225917.93731091433
2022-06-28,241730.21147749014
2022-06-29,240825.95659101108
2022-06-30,240270.16955888152
2022-07-01,245611.41387942928
2022-07-02,228212.2889204862
2022-07-03,227473.5860885371
2022-07-04,242511.48245540634
2022-07-05,243225.3033009471
2022-07-06,245074.06520433936
2022-07-07,236805.0197558353
2022-07-08,231172.6886426888
2022-07-09,226849.12318679635
2022-07-10,220198.36234961162
2022-07-11,236758.97204961575
2022-07-12,240332.82972905604
2022-07-13,246001.9775026181
2022-07-14,245248.3604532448
2022-07-15,244659.40009385222
2022-07-16,218264.6978557663
2022-07-17,222941.10518916638
2022-07-18,237093.96624089484
2022-07-19,235813.6815718759
2022-07-20,234403.64942057757
2022-07-21,230250.65636671038
2022-07-22,231559.88260621636
2022-07-23,221522.66335706692
2022-07-24,215755.57930892333
2022-07-25,236397.4149167491
2022-07-26,237229.70509743085
2022-07-27,238659.38186402607
2022-07-28,237571.88497799524
2022-07-29,235584.18458307823
2022-07-30,226658.6023028015
2022-07-31,214705.95740291403
2022-08-01,236362.48301495356
2022-08-02,237681.58458403172
2022-08-03,237768.04350380812
2022-08-04,232083.49776099686
2022-08-05,232973.76119453422
2022-08-06,227345.75804455392
2022-08-07,215907.20295880683
2022-08-08,234070.079276373
2022-08-09,232227.6558764231
2022-08-10,231546.40169615502
2022-08-11,234405.46546771794
2022-08-12,233514.64432517588
2022-08-13,220113.15688030637
2022-08-14,216724.69210089734
2022-08-15,219883.9389742462
2022-08-16,242771.7222433664
2022-08-17,239576.84897637533
2022-08-18,236759.2590905487
2022-08-19,231953.47893673662
2022-08-20,218633.25296388305
2022-08-21,204028.006773485
2022-08-22,232499.44728652565
2022-08-23,228362.6319149235
2022-08-24,227026.70169838524
2022-08-25,223283.88096731686
2022-08-26,227251.93956272907
2022-08-27,209830.5319092449
2022-08-28,199873.12447042356
2022-08-29,220239.14465622767
2022-08-30,229714.5674014458
2022-08-31,230140.65865435422
2022-09-01,227246.0763368216
2022-09-02,223022.05027584507
2022-09-03,210675.9591521509
2022-09-04,196958.5793119722
2022-09-05,217534.68360453958
2022-09-06,221941.92579041203
2022-09-07,224905.90243590678
2022-09-08,231608.6243343981
2022-09-09,219911.59238968111
2022-09-10,212823.88263431704
2022-09-11,196180.2760828706
2022-09-12,218787.35920333402
2022-09-13,222057.15286507938
2022-09-14,221649.66415021892
2022-09-15,219281.30303691042
2022-09-16,210883.91828154327
2022-09-17,207392.99238368153
2022-09-18,198660.1673369824
2022-09-19,203071.15789302596
2022-09-20,236217.77732491904
2022-09-21,236980.2602740631
2022-09-22,231920.09651338842
2022-09-23,230923.94820897904
2022-09-24,226347.08912623674
2022-09-25,208485.69952651035
2022-09-26,230949.79308648198
2022-09-27,228086.539735455
2022-09-28,227267.46817713542
2022-09-29,227837.31000223008
2022-09-30,224367.71471142047
2022-10-01,210837.10383297928
2022-10-02,199635.04561470932
2022-10-03,226056.88219133913
2022-10-04,229371.37864673627
2022-10-05,223521.9445110287
2022-10-06,224263.83317118578
2022-10-07,227597.08963541448
2022-10-08,212564.9956863743
2022-10-09,200583.8483322167
2022-10-10,206521.1971333833
2022-10-11,230006.1060182812
2022-10-12,227491.23454643023
2022-10-13,225071.1566210571
2022-10-14,224675.92755614305
2022-10-15,215555.37575655695
2022-10-16,206064.88628244327
2022-10-17,227617.43155756424
2022-10-18,224822.2617424795
2022-10-19,226237.60597060787
2022-10-20,226011.40711245802
2022-10-21,223733.85413120638
2022-10-22,211140.76498866276
2022-10-23,201227.64235416547
2022-10-24,224012.9330526998
2022-10-25,225938.2965831182
2022-10-26,226626.85595922932
2022-10-27,226797.4880912341
2022-10-28,229891.014222285
2022-10-29,217091.18983452872
2022-10-30,204345.34371162782
2022-10-31,205730.79910001167
2022-11-01,208077.44401779785
2022-11-02,226100.49588059413
2022-11-03,226555.8815609554
2022-11-04,230704.74737024977
2022-11-05,217140.0706416299
2022-11-06,206186.59723530852
2022-11-07,228264.50172770058
2022-11-08,229501.6916457515
2022-11-09,230111.64862985813
2022-11-10,230130.84601058063
2022-11-11,232223.47210038564
2022-11-12,219182.2479409578
2022-11-13,205913.7533592889
2022-11-14,226467.95950586806
2022-11-15,234792.1770708652
2022-11-16,236257.21684519877
2022-11-17,236730.86451174095
2022-11-18,239066.4370581798
2022-11-19,224050.6569146396
2022-11-20,206646.4938240598
2022-11-21,232230.94247037225
2022-11-22,235331.10454673413
2022-11-23,232727.20928865546
2022-11-24,232811.8735693853
2022-11-25,237430.9954057951
2022-11-26,226526.97419811587
2022-11-27,212646.28312012053
2022-11-28,235141.68853631016
2022-11-29,236393.13238033743
2022-11-30,234902.762153749
2022-12-01,232552.32019541095
2022-12-02,236439.39708512352
2022-12-03,225293.75293554776
2022-12-04,213192.21162303942
2022-12-05,241681.56700236365
2022-12-06,239988.12600970714
2022-12-07,238276.720362488
2022-12-08,226253.45315653284
2022-12-09,237548.7142873422
2022-12-10,229338.36857648584
2022-12-11,216995.71225681028
2022-12-12,240621.59948186958
2022-12-13,243453.03060292848
2022-12-14,239520.9657907117
2022-12-15,245705.93916432472
2022-12-16,242181.13805237773
2022-12-17,225550.91590880364
2022-12-18,214588.61007230252
2022-12-19,240305.0148789072
2022-12-20,243196.8221169371
2022-12-21,242371.71595814143
2022-12-22,243720.43096370637
2022-12-23,242187.06539499073
2022-12-24,229387.7226344793
2022-12-25,208132.557704157
2022-12-26,237568.7285472408
2022-12-27,245300.3678561247
2022-12-28,245295.13077497584
2022-12-29,246574.05166421534
2022-12-30,241411.14212813237
2022-12-31,219786.8111796472
2023-01-01,197989.8913505662
2023-01-02,208477.5847530882
2023-01-03,232643.12754396282
2023-01-04,236229.72597590502
2023-01-05,234915.48446740018
2023-01-06,237640.31362134835
2023-01-07,227882.0630785427
2023-01-08,215480.02789317438
2023-01-09,237370.97906676252
2023-01-10,237452.4799974368
2023-01-11,234572.76657801343
2023-01-12,232584.7056721975
2023-01-13,235443.6349197773
2023-01-14,218323.81417497972
2023-01-15,208133.3888926277
2023-01-16,234813.4166693699
2023-01-17,235730.63680320713
2023-01-18,238656.4180758983
2023-01-19,236182.20620559325
2023-01-20,235903.42017237528
2023-01-21,221935.6144928022
2023-01-22,212406.4920308056
2023-01-23,237975.3666483565
2023-01-24,235419.0195458484
2023-01-25,233950.3484700344
2023-01-26,231111.60376926482
2023-01-27,231831.5664669599
2023-01-28,223147.5707186104
2023-01-29,211572.30068391314
2023-01-30,235511.51551337627
2023-01-31,237582.32309115052
2023-02-01,230732.8182031167
2023-02-02,235431.3288843855
2023-02-03,237782.56254667477
2023-02-04,220331.78026416275
2023-02-05,207951.78398314555
2023-02-06,236536.75334971177
2023-02-07,240553.32565724727
2023-02-08,240574.3206921506
2023-02-09,236576.31210058794
2023-02-10,242776.57583989392
2023-02-11,230851.06596673193
2023-02-12,214662.73947741048
2023-02-13,234909.22237541893
2023-02-14,238194.58448154453
2023-02-15,239800.8812091754
2023-02-16,237209.0195375808
2023-02-17,238339.2870636758
2023-02-18,225126.46032845008
2023-02-19,213571.5117776908
2023-02-20,241467.08991092377
2023-02-21,245688.9496112605
2023-02-22,240207.9588608723
2023-02-23,241402.10405731603
2023-02-24,239662.6607569914
2023-02-25,224139.70446039198
2023-02-26,212568.467216539
2023-02-27,238464.147092033
2023-02-28,241473.65059122807
2023-03-01,237974.63593181552
2023-03-02,234746.10930626874
2023-03-03,238184.8300465357
2023-03-04,229180.59471583617
2023-03-05,212500.20269648876
2023-03-06,233783.1009420766
2023-03-07,238901.6537978172
2023-03-08,235838.36408637252
2023-03-09,240055.69471472313
2023-03-10,242346.85576872475
2023-03-11,226937.46251342708
2023-03-12,212889.69062278053
2023-03-13,234927.44494872136
2023-03-14,239247.949363874
2023-03-15,233259.10734408014
2023-03-16,239382.5663082026
2023-03-17,240272.06621736585
2023-03-18,227501.7698984137
2023-03-19,218010.73113284243
2023-03-20,238756.75119024058
2023-03-21,239431.7265391637
2023-03-22,241149.35811306443
2023-03-23,241190.79625507063
2023-03-24,241481.459500163
2023-03-25,229318.566357256
2023-03-26,216426.61832470118
2023-03-27,237226.89296503415
2023-03-28,236733.22879263686
2023-03-29,234927.80335801118
2023-03-30,237829.8729737357
2023-03-31,237365.85854125003
2023-04-01,228623.87349877105
2023-04-02,205370.86987571832
2023-04-03,225586.62486368697
2023-04-04,223487.78846518366
2023-04-05,218871.23059469933
2023-04-06,224766.6775515348
2023-04-07,209260.59443098752
2023-04-08,209258.0302886687
